condition,drugName,Total_Reviews,Avg_Rating,Median_Rating,Positive_Reviews,Neutral_Reviews,Negative_Reviews,Total_Useful_Votes,Avg_Useful_Votes,Avg_Review_Word_Count,Satisfaction_Rate_Pct
Birth Control,Etonogestrel,3314,5.81,6.0,1580,650,1084,21885,6.6,103.8,47.7
Birth Control,Ethinyl Estradiol / Norethindrone,2337,5.66,6.0,1130,373,834,17869,7.6,97.0,48.4
Birth Control,Nexplanon,2149,5.68,6.0,991,417,741,12823,6.0,105.3,46.1
Birth Control,Levonorgestrel,2129,7.06,8.0,1393,342,394,16614,7.8,112.3,65.4
Birth Control,Ethinyl Estradiol / Levonorgestrel,1600,5.9,6.0,785,317,498,11524,7.2,93.1,49.1
Birth Control,Ethinyl Estradiol / Norgestimate,1580,5.93,7.0,813,291,476,13305,8.4,92.0,51.5
Emergency Contraception,Levonorgestrel,1221,8.47,10.0,1027,61,133,15970,13.1,105.0,84.1
Weight Loss,Phentermine,1211,8.8,10.0,1085,76,50,39137,32.3,95.8,89.6
Birth Control,Implanon,1095,6.07,7.0,558,217,320,8749,8.0,100.7,51.0
Vaginal Yeast Infection,Miconazole,997,3.02,1.0,173,128,696,6288,6.3,82.8,17.4
Birth Control,Mirena,965,6.96,8.0,624,135,206,14059,14.6,107.2,64.7
Birth Control,Skyla,822,7.26,8.0,563,133,126,3096,3.8,118.9,68.5
Smoking Cessation,Varenicline,785,8.84,10.0,700,41,44,15134,19.3,94.4,89.2
Vaginal Yeast Infection,Tioconazole,706,4.48,3.0,246,105,355,4059,5.7,90.2,34.8
Obesity,Bupropion / Naltrexone,678,7.08,8.0,460,89,129,18246,26.9,96.8,67.8
Birth Control,Lo Loestrin Fe,667,6.05,7.0,363,95,209,6730,10.1,99.7,54.4
Obesity,Contrave,649,6.99,8.0,429,88,132,17352,26.7,96.5,66.1
Smoking Cessation,Chantix,633,8.88,10.0,573,20,40,12802,20.2,94.0,90.5
Birth Control,Ethinyl Estradiol / Etonogestrel,631,6.63,8.0,367,128,136,5598,8.9,101.7,58.2
Bowel Preparation,Magnesium Sulfate / Potassium Sulfate / Sodium Sulfate,625,7.56,8.0,465,76,84,9742,15.6,104.1,74.4
Birth Control,Nuvaring,620,6.74,8.0,368,130,122,5268,8.5,101.2,59.4
Birth Control,Copper,607,7.23,9.0,424,65,118,4689,7.7,114.1,69.9
Emergency Contraception,Plan B,601,8.66,10.0,516,28,57,7273,12.1,107.2,85.9
Bowel Preparation,Suprep Bowel Prep Kit,597,7.46,8.0,434,74,89,9328,15.6,105.8,72.7
Depression,Bupropion,549,7.36,8.0,398,63,88,31101,56.7,94.3,72.5
Birth Control,Drospirenone / Ethinyl Estradiol,522,5.96,7.0,266,97,159,4448,8.5,94.2,51.0
Acne,Isotretinoin,517,8.38,9.0,441,34,42,9588,18.5,108.7,85.3
Birth Control,Medroxyprogesterone,502,5.52,5.0,229,82,191,4086,8.1,101.9,45.6
Birth Control,Desogestrel / Ethinyl Estradiol,494,5.68,6.0,221,118,155,2880,5.8,87.5,44.7
Anxiety,Escitalopram,484,7.91,9.0,379,49,56,18227,37.7,99.6,78.3
Birth Control,Depo-Provera,479,5.45,5.0,213,80,186,3967,8.3,101.8,44.5
Insomnia,Zolpidem,477,7.31,9.0,332,60,85,10345,21.7,74.6,69.6
Depression,Sertraline,459,7.17,8.0,316,64,79,23596,51.4,94.0,68.8
Constipation,Bisacodyl,456,5.71,6.0,217,81,158,4434,9.7,94.6,47.6
Depression,Venlafaxine,437,6.48,8.0,271,59,107,13865,31.7,89.6,62.0
Birth Control,Sprintec,432,6.17,7.0,240,73,119,3619,8.4,90.4,55.6
Anxiety,Alprazolam,428,8.87,10.0,386,17,25,16493,38.5,75.9,90.2
Opiate Dependence,Buprenorphine / Naloxone,424,8.61,10.0,366,20,38,12822,30.2,92.8,86.3
Emergency Contraception,Plan B One-Step,424,8.71,10.0,369,22,33,8267,19.5,106.5,87.0
Depression,Pristiq,418,7.19,8.0,294,48,76,16265,38.9,92.4,70.3
Anxiety and Stress,Citalopram,417,7.69,9.0,323,48,46,25233,60.5,98.4,77.5
Depression,Desvenlafaxine,414,7.24,8.0,289,55,70,17115,41.3,92.0,69.8
ADHD,Lisdexamfetamine,407,7.63,9.0,307,49,51,12812,31.5,98.2,75.4
Anxiety,Buspirone,407,6.16,8.0,233,49,125,20364,50.0,88.4,57.2
Bipolar Disorde,Lamotrigine,406,8.28,9.0,340,28,38,18463,45.5,85.1,83.7
Bacterial Vaginitis,Metronidazole,401,7.05,8.0,262,75,64,4794,12.0,89.5,65.3
Acne,Adapalene / Benzoyl Peroxide,397,7.52,9.0,295,46,56,4322,10.9,98.8,74.3
Acne,Epiduo,394,7.33,9.0,282,46,66,4822,12.2,95.4,71.6
Anxiety,Clonazepam,392,8.61,10.0,349,14,29,15724,40.1,78.2,89.0
ADHD,Vyvanse,392,7.7,9.0,300,46,46,12701,32.4,98.0,76.5
ADHD,Methylphenidate,388,7.34,8.0,272,69,47,12436,32.1,93.0,70.1
Depression,Citalopram,388,7.57,9.0,290,47,51,15103,38.9,91.2,74.7
Weight Loss,Lorcaserin,387,7.92,9.0,300,28,59,21707,56.1,88.6,77.5
Abnormal Uterine Bleeding,Medroxyprogesterone,382,3.29,1.0,78,51,253,6298,16.5,97.7,20.4
Insomnia,Trazodone,382,6.85,9.0,253,38,91,20092,52.6,79.5,66.2
Weight Loss,Belviq,381,7.86,9.0,293,27,61,21440,56.3,88.9,76.9
Depression,Escitalopram,380,7.61,9.0,288,40,52,17440,45.9,89.3,75.8
Birth Control,Ethinyl Estradiol / Norelgestromin,373,6.72,8.0,240,50,83,3426,9.2,101.5,64.3
Anxiety,Lexapro,372,7.84,9.0,293,29,50,17326,46.6,99.0,78.8
Birth Control,Paragard,368,6.56,8.0,224,37,107,2907,7.9,110.4,60.9
Constipation,Dulcolax,365,5.72,6.0,174,65,126,4160,11.4,96.3,47.7
Acne,Doxycycline,361,7.44,8.0,266,47,48,5478,15.2,94.1,73.7
Pain,Tramadol,357,6.51,8.0,233,28,96,9907,27.8,67.7,65.3
ADHD,Amphetamine / Dextroamphetamine,353,8.0,9.0,289,32,32,11282,32.0,84.3,81.9
Opiate Dependence,Suboxone,348,9.05,10.0,316,17,15,12528,36.0,90.6,90.8
Depression,Vortioxetine,345,5.88,7.0,183,49,113,16305,47.3,92.6,53.0
Abnormal Uterine Bleeding,Depo-Provera,343,3.15,1.0,72,37,234,4770,13.9,99.1,21.0
Birth Control,Norethindrone,338,5.33,5.0,142,71,125,3721,11.0,92.1,42.0
Pain,Acetaminophen / Hydrocodone,332,7.98,9.0,266,40,26,8593,25.9,58.8,80.1
Migraine Prevention,Topiramate,331,6.14,7.0,180,59,92,7455,22.5,98.9,54.4
Depression,Duloxetine,328,6.55,8.0,198,47,83,16052,48.9,82.7,60.4
Birth Control,Microgestin Fe 1 / 20,323,5.75,6.0,155,60,108,2498,7.7,96.6,48.0
Acne,Accutane,321,8.4,9.0,271,21,29,7503,23.4,103.8,84.4
Hyperhidrosis,Aluminum Chloride Hexahydrate,320,8.96,10.0,290,11,19,2934,9.2,91.8,90.6
Urinary Tract Infection,Nitrofurantoin,318,4.82,4.0,127,38,153,5148,16.2,81.7,39.9
Anxiety,Hydroxyzine,315,5.68,7.0,165,41,109,12152,38.6,72.1,52.4
Depression,Vilazodone,315,6.43,8.0,185,47,83,15447,49.0,92.1,58.7
Obesity,Liraglutide,312,8.0,9.0,252,25,35,8032,25.7,93.4,80.8
Depression,Lexapro,306,7.46,8.0,229,31,46,16230,53.0,88.6,74.8
Obesity,Phentermine,304,8.69,9.0,270,22,12,7265,23.9,92.7,88.8
Depression,Cymbalta,303,6.32,8.0,174,44,85,13714,45.3,81.9,57.4
Depression,Fluoxetine,302,7.23,8.0,212,40,50,13458,44.6,90.2,70.2
Bipolar Disorde,Lamictal,300,8.28,9.0,248,24,28,16696,55.7,82.6,82.7
Anxiety,Lorazepam,299,8.33,9.0,249,22,28,11321,37.9,71.5,83.3
Bipolar Disorde,Quetiapine,294,7.23,8.0,208,38,48,7808,26.6,83.2,70.7
Generalized Anxiety Disorde,Escitalopram,287,8.16,9.0,234,25,28,12764,44.5,99.9,81.5
Insomnia,Ambien,286,7.3,9.0,199,37,50,8219,28.7,77.9,69.6
Depression,Viibryd,285,6.81,8.0,181,43,61,16036,56.3,94.8,63.5
Anxiety,Xanax,283,8.71,10.0,249,15,19,13722,48.5,80.2,88.0
Depression,Zoloft,281,7.28,8.0,204,29,48,23163,82.4,90.8,72.6
Pain,Oxycodone,281,8.86,9.0,254,21,6,12775,45.5,66.5,90.4
Bipolar Disorde,Lurasidone,277,6.87,8.0,184,27,66,12139,43.8,93.8,66.4
Abnormal Uterine Bleeding,Levonorgestrel,276,5.32,5.0,121,42,113,4023,14.6,104.2,43.8
Birth Control,Loestrin 24 Fe,276,6.52,7.0,160,62,54,2417,8.8,99.4,58.0
"Diabetes, Type 2",Liraglutide,270,7.72,9.0,207,26,37,7678,28.4,88.0,76.7
Bipolar Disorde,Latuda,270,6.82,8.0,178,30,62,12407,46.0,91.0,65.9
Erectile Dysfunction,Tadalafil,267,8.67,10.0,234,12,21,13095,49.0,77.9,87.6
Weight Loss,Bupropion / Naltrexone,267,6.32,7.0,154,42,71,5377,20.1,98.4,57.7
High Blood Pressure,Lisinopril,264,5.16,5.0,113,43,108,12489,47.3,70.7,42.8
"Hypogonadism, Male",Testosterone,264,7.45,9.0,193,35,36,9405,35.6,86.7,73.1
Weight Loss,Contrave,263,6.38,7.0,151,43,69,5305,20.2,101.0,57.4
Acne,Benzoyl Peroxide / Clindamycin,262,7.78,9.0,202,25,35,3180,12.1,90.9,77.1
Birth Control,Tri-Sprintec,257,6.18,7.0,139,46,72,2687,10.5,92.4,54.1
"Diabetes, Type 2",Victoza,255,7.98,9.0,205,22,28,7944,31.2,89.9,80.4
Weight Loss,Adipex-P,255,9.06,10.0,237,10,8,15450,60.6,95.5,92.9
Abnormal Uterine Bleeding,Mirena,254,5.22,5.0,104,43,107,3924,15.4,107.9,40.9
Obesity,Saxenda,250,7.83,9.0,195,24,31,6024,24.1,94.2,78.0
Weight Loss,Phentermine / Topiramate,249,7.85,9.0,195,23,31,10894,43.8,99.9,78.3
Pain,Acetaminophen / Oxycodone,249,8.55,9.0,222,10,17,6211,24.9,57.2,89.2
Depression,Trintellix,243,6.0,7.0,133,32,78,15004,61.7,87.3,54.7
Anxiety and Stress,Celexa,238,7.54,9.0,178,31,29,19661,82.6,95.9,74.8
Chlamydia Infection,Azithromycin,236,7.7,8.0,181,38,17,1801,7.6,92.3,76.7
Urinary Tract Infection,Sulfamethoxazole / Trimethoprim,236,4.89,4.0,85,43,108,3899,16.5,73.3,36.0
Erectile Dysfunction,Cialis,236,8.64,10.0,208,8,20,13290,56.3,80.0,88.1
Anxiety,Buspar,233,6.48,8.0,140,29,64,19859,85.2,83.3,60.1
Acne,Minocycline,232,6.39,7.0,132,42,58,2903,12.5,87.1,56.9
"Diabetes, Type 2",Dulaglutide,231,5.97,7.0,120,39,72,4235,18.3,92.7,51.9
Anxiety and Stress,Fluoxetine,231,7.64,9.0,174,27,30,17933,77.6,95.6,75.3
Depression,Wellbutrin,230,7.33,8.0,166,29,35,16736,72.8,91.2,72.2
Anxiety,Klonopin,229,8.68,10.0,206,7,16,13946,60.9,77.7,90.0
Acne,Tretinoin,228,7.88,9.0,178,23,27,5024,22.0,104.4,78.1
Migraine Prevention,Topamax,222,6.35,8.0,124,44,54,6655,30.0,96.4,55.9
"Diabetes, Type 2",Trulicity,221,5.81,7.0,112,36,73,4149,18.8,89.4,50.7
Depression,Celexa,221,7.36,8.0,162,26,33,12704,57.5,89.2,73.3
Birth Control,Ortho Evra,219,7.47,9.0,162,23,34,2737,12.5,100.4,74.0
Birth Control,Aviane,219,6.62,8.0,131,42,46,1780,8.1,91.3,59.8
Pain,Tapentadol,216,6.33,8.0,125,33,58,8521,39.4,82.8,57.9
Acne,Ethinyl Estradiol / Norgestimate,215,5.9,6.0,104,42,69,1947,9.1,102.4,48.4
Migraine,Sumatriptan,213,7.95,9.0,165,19,29,1885,8.8,86.6,77.5
ibromyalgia,Pregabalin,212,6.5,8.0,126,32,54,10427,49.2,83.7,59.4
Pain,Diclofenac,212,7.82,9.0,169,13,30,5166,24.4,70.0,79.7
Anxiety and Stress,Sertraline,212,7.46,9.0,159,21,32,8973,42.3,101.2,75.0
Birth Control,Apri,210,5.55,5.0,88,53,69,1348,6.4,86.5,41.9
Bacterial Infection,Clindamycin,210,5.66,6.0,98,45,67,5607,26.7,88.5,46.7
Birth Control,Liletta,209,5.95,6.0,100,55,54,779,3.7,111.8,47.8
Bacterial Infection,Metronidazole,208,6.45,7.0,117,52,39,2617,12.6,81.1,56.2
ibromyalgia,Savella,208,6.83,8.0,130,39,39,9392,45.2,94.3,62.5
Weight Loss,Qsymia,207,7.7,9.0,158,19,30,10891,52.6,100.4,76.3
Panic Disorde,Sertraline,206,7.93,9.0,162,23,21,8516,41.3,104.0,78.6
Depression,Mirtazapine,205,7.25,8.0,141,31,33,8938,43.6,89.3,68.8
Depression,Prozac,205,7.24,8.0,143,27,35,12184,59.4,89.0,69.8
Generalized Anxiety Disorde,Lexapro,205,8.32,9.0,173,17,15,11994,58.5,102.9,84.4
Anxiety,Diazepam,204,8.86,10.0,185,7,12,13103,64.2,75.6,90.7
ADHD,Atomoxetine,203,5.41,6.0,93,27,83,7162,35.3,91.4,45.8
Cough,Benzonatate,203,5.06,4.0,91,13,99,3798,18.7,54.2,44.8
Insomnia,Suvorexant,201,3.76,1.0,58,17,126,4804,23.9,84.9,28.9
ibromyalgia,Milnacipran,200,6.65,8.0,120,38,42,8890,44.4,92.4,60.0
Acne,Drospirenone / Ethinyl Estradiol,199,7.02,8.0,131,28,40,2937,14.8,104.0,65.8
Bipolar Disorde,Seroquel,198,7.14,8.0,138,25,35,6521,32.9,79.9,69.7
Hepatitis C,Harvoni,198,8.67,10.0,169,12,17,6372,32.2,83.6,85.4
Bowel Preparation,Polyethylene Glycol 3350 With Electrolytes,198,6.84,8.0,126,26,46,2915,14.7,89.8,63.6
ADHD,Strattera,197,5.51,6.0,96,25,76,6760,34.3,89.0,48.7
Hepatitis C,Ledipasvir / Sofosbuvir,195,8.87,10.0,174,9,12,5942,30.5,81.0,89.2
Birth Control,Lutera,195,6.58,8.0,116,38,41,1892,9.7,98.7,59.5
Anesthesia,Propofol,194,8.15,10.0,153,13,28,2879,14.8,80.9,78.9
Depression,Effexor,194,5.85,7.0,103,29,62,8126,41.9,92.1,53.1
Anxiety,Gabapentin,193,8.02,9.0,156,13,24,15729,81.5,95.2,80.8
"Diabetes, Type 2",Exenatide,192,7.2,8.0,130,29,33,4846,25.2,85.3,67.7
"Constipation, Chronic",Linaclotide,191,7.35,9.0,132,25,34,8402,44.0,94.0,69.1
Birth Control,Trinessa,191,6.27,7.0,102,43,46,1584,8.3,97.8,53.4
Insomnia,Quetiapine,191,7.93,9.0,152,20,19,7292,38.2,86.1,79.6
ADHD,Concerta,190,7.25,8.0,133,30,27,7645,40.2,94.6,70.0
ibromyalgia,Lyrica,189,6.6,8.0,111,35,43,10285,54.4,87.4,58.7
Insomnia,Belsomra,189,3.71,1.0,54,13,122,4615,24.4,85.7,28.6
Panic Disorde,Clonazepam,189,9.1,10.0,176,3,10,7171,37.9,87.1,93.1
Migraine Prevention,Amitriptyline,188,7.85,9.0,149,14,25,6182,32.9,86.9,79.3
Birth Control,Yaz,188,5.74,6.0,90,36,62,1862,9.9,93.6,47.9
mance Anxiety,Propranolol,187,9.67,10.0,184,3,0,6769,36.2,103.1,98.4
Pain,Hydromorphone,187,8.13,10.0,150,14,23,4045,21.6,67.7,80.2
Obesity,Lorcaserin,185,8.2,10.0,148,15,22,9796,53.0,85.4,80.0
"Constipation, Chronic",Linzess,184,7.3,9.0,126,23,35,8072,43.9,95.1,68.5
Insomnia,Temazepam,183,6.78,8.0,119,22,42,6091,33.3,71.0,65.0
Obesity,Belviq,181,7.99,10.0,140,16,25,9667,53.4,88.0,77.3
Birth Control,Ortho Tri-Cyclen Lo,179,6.59,8.0,109,36,34,1715,9.6,97.7,60.9
Muscle Spasm,Cyclobenzaprine,179,6.24,8.0,105,27,47,5743,32.1,59.6,58.7
Acne,Spironolactone,178,7.71,9.0,134,17,27,4473,25.1,111.5,75.3
Chronic Pain,Oxycodone,178,7.99,9.0,146,14,18,7066,39.7,76.1,82.0
Vaginal Yeast Infection,Fluconazole,177,6.97,9.0,118,19,40,5625,31.8,72.2,66.7
Underactive Thyroid,Levothyroxine,177,6.41,8.0,104,21,52,9263,52.3,77.5,58.8
Acne,Adapalene,176,7.41,9.0,130,14,32,3334,18.9,102.6,73.9
Pain,Gabapentin,176,6.48,8.0,112,18,46,10252,58.2,83.4,63.6
Influenza,Tamiflu,174,7.09,9.0,118,14,42,1727,9.9,86.1,67.8
Birth Control,Junel Fe 1 / 20,174,5.44,5.5,81,22,71,1743,10.0,92.5,46.6
Influenza,Oseltamivir,172,6.96,9.0,115,11,46,1694,9.8,87.9,66.9
Nausea/Vomiting,Ondansetron,170,7.99,10.0,135,10,25,2777,16.3,60.9,79.4
Anxiety,Ativan,169,8.27,10.0,141,10,18,9271,54.9,72.7,83.4
Panic Disorde,Alprazolam,168,9.17,10.0,157,5,6,6929,41.2,79.6,93.5
Weight Loss,Liraglutide,166,7.9,9.0,126,24,16,2991,18.0,95.3,75.9
Bipolar Disorde,Aripiprazole,166,5.73,7.0,86,23,57,3806,22.9,73.6,51.8
High Blood Pressure,Losartan,166,5.52,6.0,80,29,57,11365,68.5,69.4,48.2
Anxiety,Paroxetine,165,7.43,8.0,121,23,21,8623,52.3,87.6,73.3
Constipation,Magnesium Citrate,165,9.06,10.0,153,6,6,5499,33.3,96.0,92.7
Panic Disorde,Zoloft,164,7.88,9.0,131,16,17,7797,47.5,103.9,79.9
Pain,Nucynta,164,6.45,8.0,100,26,38,7005,42.7,78.9,61.0
Insomnia,Eszopiclone,162,6.0,7.0,85,21,56,3615,22.3,80.9,52.5
Major Depressive Disorde,Vortioxetine,161,6.5,8.0,96,19,46,4669,29.0,93.8,59.6
ADHD,Adderall,160,8.33,9.0,136,12,12,7186,44.9,83.9,85.0
Urinary Tract Infection,Ciprofloxacin,160,5.29,5.0,71,22,67,4797,30.0,72.7,44.4
Birth Control,Xulane,159,5.99,7.0,86,28,45,831,5.2,100.2,54.1
Herpes Simplex,Docosanol,159,6.03,8.0,91,9,59,1498,9.4,76.9,57.2
Pain,Dilaudid,159,8.48,10.0,136,9,14,3859,24.3,72.6,85.5
Herpes Simplex,Abreva,158,5.73,7.0,83,11,64,1850,11.7,76.6,52.5
Birth Control,Minastrin 24 Fe,156,5.11,5.0,62,25,69,1318,8.4,100.1,39.7
Hyperhidrosis,Hypercare,155,8.92,10.0,137,8,10,1144,7.4,91.5,88.4
High Blood Pressure,Amlodipine,153,4.88,4.0,58,23,72,10060,65.8,74.5,37.9
Obesity,Orlistat,153,7.63,9.0,117,12,24,8557,55.9,84.1,76.5
Social Anxiety Disorde,Sertraline,153,7.46,8.0,114,15,24,6955,45.5,98.5,74.5
Birth Control,Gildess Fe 1 / 20,153,4.59,4.0,48,30,75,943,6.2,90.6,31.4
ibromyalgia,Duloxetine,152,6.54,8.0,92,22,38,5841,38.4,77.4,60.5
Migraine,Rizatriptan,151,9.02,10.0,143,1,7,1463,9.7,73.9,94.7
Depression,Aripiprazole,151,6.97,8.0,99,19,33,10116,67.0,73.9,65.6
Major Depressive Disorde,Trintellix,151,6.3,8.0,86,19,46,5207,34.5,89.1,57.0
Birth Control,Kyleena,151,7.46,8.0,107,26,18,346,2.3,117.1,70.9
Bipolar Disorde,Abilify,150,6.17,7.0,86,21,43,3978,26.5,72.1,57.3
Depression,Wellbutrin Xl,149,7.8,9.0,117,14,18,8733,58.6,98.9,78.5
Anxiety,Mirtazapine,149,7.09,8.0,103,19,27,8448,56.7,89.3,69.1
Abnormal Uterine Bleeding,Ethinyl Estradiol / Norgestimate,148,4.46,3.0,49,20,79,1011,6.8,91.2,33.1
Hyperhidrosis,Drysol,148,9.12,10.0,138,3,7,1618,10.9,94.0,93.2
Cold Sores,Valacyclovir,148,9.21,10.0,136,5,7,2732,18.5,104.7,91.9
Smoking Cessation,Bupropion,147,8.31,10.0,119,14,14,4916,33.4,84.8,81.0
Anxiety and Stress,Prozac,147,7.65,9.0,113,17,17,13896,94.5,93.2,76.9
Urinary Tract Infection,Macrobid,147,4.76,4.0,55,20,72,3590,24.4,82.0,37.4
ibromyalgia,Cymbalta,146,6.44,8.0,88,18,40,5663,38.8,78.6,60.3
"Diabetes, Type 2",Canagliflozin,146,5.98,7.0,75,23,48,5311,36.4,85.8,51.4
Bladder Infection,Nitrofurantoin,146,4.56,4.0,49,28,69,3594,24.6,80.8,33.6
Anxiety,Venlafaxine,145,6.81,9.0,93,14,38,7266,50.1,95.0,64.1
Erectile Dysfunction,Sildenafil,144,8.53,10.0,124,7,13,7197,50.0,71.0,86.1
"Diabetes, Type 2",Invokana,143,6.11,7.0,77,21,45,5539,38.7,85.0,53.8
Birth Control,Orsythia,143,5.59,5.0,63,27,53,1512,10.6,91.3,44.1
Cough and Nasal Congestion,Guaifenesin / Pseudoephedrine,142,6.68,8.0,92,21,29,2095,14.8,64.3,64.8
Depression,Abilify,142,6.59,8.0,86,17,39,9754,68.7,76.8,60.6
Bowel Preparation,Moviprep,141,6.99,9.0,92,16,33,2501,17.7,95.0,65.2
"Onychomycosis, Toenail",Terbinafine,141,7.01,9.0,94,11,36,4623,32.8,93.7,66.7
Pain,Ketorolac,140,7.53,9.0,107,4,29,1896,13.5,63.6,76.4
Polycystic Ovary Syndrome,Metformin,136,7.82,8.0,104,26,6,5519,40.6,101.1,76.5
Depression,Paroxetine,136,6.66,8.0,82,18,36,4311,31.7,88.3,60.3
"Diabetes, Type 2",Bydureon,136,7.06,8.0,92,20,24,3377,24.8,94.0,67.6
Chronic Pain,Buprenorphine,136,5.93,7.0,74,17,45,3782,27.8,92.2,54.4
Pain,Oxymorphone,136,7.82,9.0,107,11,18,4748,34.9,82.2,78.7
Bipolar Disorde,Lithium,136,7.69,9.0,108,9,19,4980,36.6,81.5,79.4
Bipolar Disorde,Asenapine,135,7.37,9.0,99,10,26,4008,29.7,98.5,73.3
Pain,Oxycontin,134,8.8,9.5,119,11,4,10308,76.9,72.7,88.8
Muscle Spasm,Tizanidine,134,6.63,8.0,84,20,30,6624,49.4,64.9,62.7
Birth Control,Seasonique,133,6.09,7.0,68,30,35,1259,9.5,85.3,51.1
Depression,Effexor Xr,133,7.56,9.0,101,13,19,5111,38.4,88.2,75.9
Anxiety,Paxil,132,7.39,8.0,96,18,18,8321,63.0,83.2,72.7
Bipolar Disorde,Saphris,132,7.05,8.0,92,12,28,3773,28.6,96.6,69.7
Muscle Spasm,Carisoprodol,131,9.17,10.0,122,5,4,6757,51.6,66.2,93.1
Pain,Percocet,130,8.88,9.0,123,3,4,4332,33.3,67.5,94.6
Insomnia,Doxepin,130,6.45,8.0,77,9,44,5430,41.8,65.9,59.2
Back Pain,Acetaminophen / Hydrocodone,130,8.15,9.0,110,10,10,4345,33.4,62.3,84.6
Acne,Ethinyl Estradiol / Norethindrone,129,3.91,3.0,33,21,75,1052,8.2,92.3,25.6
Acne,Aczone,129,7.29,9.0,93,8,28,2035,15.8,92.8,72.1
Insomnia,Lunesta,128,6.48,8.0,73,17,38,3355,26.2,75.5,57.0
Bipolar Disorde,Divalproex Sodium,128,6.28,7.0,77,18,33,4531,35.4,81.5,60.2
Headache,Acetaminophen / Butalbital / Caffeine,127,8.89,10.0,113,5,9,3034,23.9,61.8,89.0
Acne,Dapsone,127,7.24,9.0,89,7,31,2153,17.0,91.2,70.1
Opiate Withdrawal,Clonidine,127,8.2,9.0,107,9,11,9275,73.0,87.1,84.3
Anxiety,Duloxetine,125,6.88,8.0,85,12,28,6482,51.9,91.2,68.0
Anxiety,Cymbalta,124,7.19,9.0,89,9,26,6998,56.4,94.4,71.8
Restless Legs Syndrome,Ropinirole,123,6.96,8.0,83,17,23,2588,21.0,77.6,67.5
Cough,Dextromethorphan,122,3.77,2.0,33,17,72,857,7.0,55.8,27.0
Opiate Withdrawal,Methadone,122,8.79,9.5,108,11,3,4426,36.3,78.2,88.5
Sinusitis,Amoxicillin / Clavulanate,122,5.24,5.0,53,18,51,2788,22.9,73.9,43.4
Insomnia,Mirtazapine,121,7.27,9.0,84,19,18,6265,51.8,88.4,69.4
Acne,Duac,120,7.55,9.0,89,14,17,1919,16.0,93.3,74.2
ADHD,Guanfacine,119,5.89,7.0,67,7,45,6287,52.8,100.5,56.3
Generalized Anxiety Disorde,Pregabalin,119,8.28,9.0,99,9,11,7021,59.0,90.3,83.2
Osteoarthritis,Diclofenac,118,8.32,10.0,99,5,14,5168,43.8,66.0,83.9
Panic Disorde,Xanax,118,9.19,10.0,110,5,3,6317,53.5,77.8,93.2
Pain,Morphine,118,8.03,9.0,100,8,10,4500,38.1,71.8,84.7
Birth Control,Ethinyl Estradiol / Norgestrel,118,5.67,6.0,57,21,40,963,8.2,92.1,48.3
Social Anxiety Disorde,Zoloft,116,7.72,9.0,91,7,18,6417,55.3,104.4,78.4
Osteoarthritis,Sodium Hyaluronate,116,6.53,8.5,69,14,33,4058,35.0,90.5,59.5
Cough and Nasal Congestion,Mucinex D,114,6.39,7.0,71,16,27,1813,15.9,65.7,62.3
Major Depressive Disorde,Bupropion,114,7.07,8.0,77,16,21,4182,36.7,100.9,67.5
Pain,Methadone,113,8.74,10.0,101,6,6,4700,41.6,74.7,89.4
Bipolar Disorde,Ziprasidone,113,5.34,6.0,54,11,48,2661,23.5,81.2,47.8
Birth Control,Drospirenone / Ethinyl Estradiol / Levomefolate Calcium,113,6.51,7.0,62,30,21,1185,10.5,91.0,54.9
Pain,Fentanyl,113,8.58,9.0,105,4,4,3073,27.2,78.8,92.9
Panic Disorde,Klonopin,113,9.0,10.0,105,1,7,6544,57.9,82.6,92.9
Pain,Amitriptyline,112,8.12,9.0,91,13,8,9625,85.9,82.3,81.2
Birth Control,Reclipsen,111,5.84,6.0,51,31,29,670,6.0,92.2,45.9
Obesity,Phentermine / Topiramate,110,8.45,10.0,94,7,9,4917,44.7,97.0,85.5
High Blood Pressure,Nebivolol,110,6.76,8.0,70,12,28,4800,43.6,84.4,63.6
Migraine Prevention,Nortriptyline,110,8.16,9.0,91,9,10,4283,38.9,95.5,82.7
Bipolar Disorde,Geodon,109,5.72,7.0,57,10,42,2926,26.8,81.5,52.3
Insomnia,Amitriptyline,109,7.11,9.0,76,12,21,6445,59.1,74.0,69.7
Muscle Spasm,Soma,109,9.07,10.0,102,1,6,7057,64.7,62.3,93.6
Alcohol Dependence,Acamprosate,109,8.9,10.0,99,5,5,6855,62.9,88.5,90.8
Irritable Bowel Syndrome,Linaclotide,108,7.26,9.0,79,5,24,3400,31.5,95.9,73.1
Back Pain,Tramadol,108,6.7,8.0,73,7,28,4245,39.3,66.1,67.6
Abnormal Uterine Bleeding,Ethinyl Estradiol / Levonorgestrel,108,4.39,3.0,29,24,55,671,6.2,100.3,26.9
Pain,Norco,108,7.94,9.0,88,9,11,4557,42.2,60.1,81.5
ADHD,Adderall Xr,107,8.14,9.0,88,13,6,3221,30.1,87.7,82.2
Muscle Spasm,Methocarbamol,107,5.87,7.0,55,18,34,4506,42.1,58.5,51.4
Bipolar Disorde,Olanzapine,107,6.56,8.0,61,23,23,3019,28.2,71.1,57.0
Pain,Toradol,106,7.52,9.0,78,6,22,1919,18.1,66.5,73.6
Migraine Prevention,Propranolol,106,7.65,9.0,80,12,14,3109,29.3,84.0,75.5
Irritable Bowel Syndrome,Dicyclomine,106,7.69,9.0,80,12,14,4121,38.9,74.2,75.5
Benign Prostatic Hyperplasia,Tamsulosin,105,5.64,6.0,42,33,30,5581,53.2,62.9,40.0
Obesity,Qsymia,105,8.04,9.0,83,10,12,4717,44.9,90.3,79.0
Birth Control,Generess Fe,104,6.88,8.0,66,19,19,1036,10.0,102.5,63.5
Birth Control,Chateal,103,6.14,6.0,51,23,29,557,5.4,97.5,49.5
Seizures,Levetiracetam,103,6.56,7.0,62,18,23,3204,31.1,75.1,60.2
Erectile Dysfunction,Viagra,102,8.79,10.0,89,6,7,6682,65.5,70.3,87.3
Irritable Bowel Syndrome,Linzess,102,7.23,8.5,73,8,21,3467,34.0,92.9,71.6
Plaque Psoriasis,Otezla,101,5.85,7.0,51,17,33,2134,21.1,94.1,50.5
Insomnia,Melatonin,101,6.88,8.0,67,12,22,3104,30.7,68.6,66.3
Birth Control,Mononessa,101,6.28,7.0,55,22,24,857,8.5,90.3,54.5
Chronic Pain,Tramadol,101,6.16,7.0,55,18,28,2872,28.4,68.2,54.5
Chronic Pain,Acetaminophen / Oxycodone,101,8.0,9.0,82,10,9,3275,32.4,68.5,81.2
Unknown,Ethinyl Estradiol / Norethindrone,100,5.67,6.5,50,18,32,307,3.1,94.3,50.0
Obesity,Topiramate,100,7.62,9.0,74,13,13,8805,88.0,97.8,74.0
Bronchitis,Azithromycin,100,6.49,8.0,60,10,30,2463,24.6,71.6,60.0
High Blood Pressure,Bystolic,99,6.62,8.0,61,11,27,4355,44.0,88.3,61.6
Anxiety,Effexor Xr,99,7.54,9.0,73,7,19,6714,67.8,100.8,73.7
ibromyalgia,Gabapentin,98,6.65,8.0,64,11,23,5975,61.0,85.2,65.3
Vaginal Yeast Infection,Monistat 3-Day Combination Pack,98,3.7,2.0,26,14,58,891,9.1,80.1,26.5
Osteoarthritis,Euflexxa,98,6.45,8.0,57,11,30,3925,40.1,90.5,58.2
Anxiety,Valium,98,9.07,10.0,90,3,5,9338,95.3,73.8,91.8
Depression,Paxil,98,6.94,8.0,66,13,19,4477,45.7,90.6,67.3
Anxiety,Desvenlafaxine,97,7.39,8.0,74,9,14,2633,27.1,94.6,76.3
Pain,Hydrocodone,97,5.76,7.0,50,11,36,3297,34.0,82.3,51.5
Constipation,Polyethylene Glycol 3350,97,8.84,10.0,85,5,7,5045,52.0,84.6,87.6
Migraine,Imitrex,97,8.01,9.0,75,12,10,1086,11.2,75.0,77.3
ADHD,Dexmethylphenidate,97,7.44,8.0,74,9,14,3234,33.3,99.0,76.3
Chronic Pain,Morphine,97,7.64,9.0,73,14,10,2900,29.9,73.8,75.3
Atrophic Vaginitis,Estradiol,97,5.71,7.0,49,12,36,4142,42.7,72.1,50.5
Postmenopausal Symptoms,Estradiol,96,7.47,9.0,67,11,18,3453,36.0,67.9,69.8
Neuropathic Pain,Pregabalin,96,6.52,7.0,58,17,21,3940,41.0,88.3,60.4
Acne,Differin,95,7.27,9.0,70,3,22,2424,25.5,99.2,73.7
Weight Loss,Saxenda,95,8.29,9.0,80,9,6,1316,13.9,93.9,84.2
Birth Control,Levora,95,6.69,8.0,57,17,21,746,7.9,95.5,60.0
Pain,Acetaminophen / Codeine,94,4.95,5.0,41,9,44,1795,19.1,56.0,43.6
Anxiety,Propranolol,94,7.99,9.0,74,9,11,3625,38.6,94.4,78.7
Migraine,Relpax,94,8.61,10.0,81,4,9,1002,10.7,77.4,86.2
Anxiety,Vistaril,94,5.71,7.0,51,10,33,5858,62.3,67.1,54.3
Osteoarthritis,Hylan G-F 20,94,6.36,8.0,57,7,30,2988,31.8,82.9,60.6
Plaque Psoriasis,Apremilast,94,5.89,6.0,46,18,30,2018,21.5,93.5,48.9
Acne,Sulfamethoxazole / Trimethoprim,93,8.39,10.0,78,7,8,1659,17.8,91.0,83.9
Bipolar Disorde,Depakote,93,6.06,7.0,53,14,26,4148,44.6,82.7,57.0
Menstrual Disorders,Ethinyl Estradiol / Norethindrone,93,5.49,6.0,44,12,37,692,7.4,103.0,47.3
High Blood Pressure,Metoprolol,92,6.29,7.0,53,20,19,4247,46.2,66.3,57.6
Sinusitis,Levofloxacin,92,5.38,5.0,40,19,33,2240,24.3,83.9,43.5
Birth Control,Alesse,92,5.43,5.0,37,21,34,784,8.5,95.7,40.2
ibromyalgia,Tramadol,91,7.4,9.0,65,11,15,4175,45.9,82.0,71.4
Irritable Bowel Syndrome,Eluxadoline,91,6.73,8.0,54,14,23,1583,17.4,88.0,59.3
Alcohol Dependence,Campral,91,9.25,10.0,87,3,1,6235,68.5,87.5,95.6
Nausea/Vomiting,Zofran,91,8.76,10.0,80,5,6,2045,22.5,53.1,87.9
Inflammatory Conditions,Meloxicam,91,6.87,8.0,59,11,21,4447,48.9,71.7,64.8
Urinary Tract Infection,Cipro,91,5.82,6.0,45,14,32,4147,45.6,69.0,49.5
Erectile Dysfunction,Vardenafil,90,8.1,9.0,75,7,8,5183,57.6,61.5,83.3
Irritable Bowel Syndrome,Viberzi,90,6.69,8.0,54,13,23,1586,17.6,89.8,60.0
Constipation,Magnesium Hydroxide,90,8.71,10.0,79,6,5,2434,27.0,93.9,87.8
Alcohol Dependence,Naltrexone,90,8.5,10.0,77,3,10,5234,58.2,96.2,85.6
Cold Sores,Valtrex,89,9.2,10.0,83,3,3,2143,24.1,109.2,93.3
Obesity,Phendimetrazine,89,8.42,9.0,77,6,6,4149,46.6,88.0,86.5
Headache,Fioricet,89,8.7,10.0,78,4,7,2881,32.4,65.4,87.6
Major Depressive Disorde,Venlafaxine,89,6.8,8.0,58,13,18,1600,18.0,97.1,65.2
Birth Control,Blisovi 24 Fe,89,3.11,1.0,18,7,64,416,4.7,97.6,20.2
Peripheral Neuropathy,Gabapentin,88,6.9,8.0,58,14,16,5101,58.0,80.9,65.9
Osteoarthritis,Meloxicam,87,7.33,9.0,63,6,18,4936,56.7,65.9,72.4
Birth Control,Ortho Tri-Cyclen,87,5.79,6.0,41,20,26,1107,12.7,89.2,47.1
Chronic Pain,Methadone,87,8.98,10.0,80,3,4,5084,58.4,93.9,92.0
Depression,Quetiapine,87,6.99,8.0,56,14,17,3265,37.5,80.4,64.4
Overactive Bladde,Oxybutynin,86,6.55,8.0,48,18,20,2721,31.6,63.1,55.8
Birth Control,Tri-Previfem,86,4.97,4.0,31,18,37,634,7.4,88.0,36.0
Restless Legs Syndrome,Pramipexole,85,7.58,9.0,62,10,13,2432,28.6,76.4,72.9
Human Papilloma Virus,Imiquimod,85,7.16,8.0,63,6,16,1320,15.5,111.5,74.1
Abnormal Uterine Bleeding,Ethinyl Estradiol / Norethindrone,85,5.44,5.0,36,24,25,602,7.1,104.7,42.4
Chronic Pain,Fentanyl,85,8.11,8.0,74,8,3,2447,28.8,97.0,87.1
GERD,Dexlansoprazole,85,6.92,8.0,57,7,21,2663,31.3,82.3,67.1
"Constipation, Drug Induced",Movantik,84,4.25,3.0,26,11,47,2123,25.3,91.4,31.0
Osteoarthritis,Hyaluronan,84,6.69,9.0,53,7,24,2858,34.0,83.6,63.1
Birth Control,Yasmin,84,5.74,6.0,40,18,26,1174,14.0,99.3,47.6
Migraine,Eletriptan,84,8.54,10.0,72,3,9,904,10.8,79.9,85.7
Smoking Cessation,Nicotine,84,8.24,9.0,70,6,8,2010,23.9,91.0,83.3
Obesity,Diethylpropion,84,9.31,10.0,81,1,2,3707,44.1,93.0,96.4
Unknown,Ethinyl Estradiol / Norgestimate,84,6.36,7.0,50,13,21,295,3.5,91.7,59.5
"Constipation, Drug Induced",Naloxegol,83,4.82,4.0,32,10,41,2078,25.0,92.7,38.6
"Constipation, Chronic",Lubiprostone,83,6.89,8.0,53,14,16,3020,36.4,85.7,63.9
Underactive Thyroid,Thyroid Desiccated,83,7.65,10.0,61,7,15,5347,64.4,79.5,73.5
Sinusitis,Clarithromycin,82,5.45,6.0,38,18,26,1677,20.5,76.9,46.3
Inflammatory Conditions,Methylprednisolone,82,7.48,9.0,62,6,14,3294,40.2,76.4,75.6
ADHD,Intuniv,82,6.06,7.5,47,5,30,5320,64.9,96.5,57.3
Bowel Preparation,Prepopik,82,6.0,8.0,46,4,32,620,7.6,93.7,56.1
Bacterial Skin Infection,Sulfamethoxazole / Trimethoprim,82,5.49,5.0,36,17,29,2342,28.6,76.6,43.9
Seizures,Keppra,81,6.43,7.0,49,14,18,2968,36.6,82.3,60.5
Bowel Preparation,Citric Acid / Magnesium Oxide / Sodium Picosulfate,81,6.14,9.0,47,3,31,687,8.5,96.4,58.0
Diverticulitis,Metronidazole,81,6.88,8.0,56,14,11,2965,36.6,83.9,69.1
"Diabetes, Type 2",Metformin,81,6.21,7.0,47,15,19,3746,46.2,76.0,58.0
Pain,Pregabalin,80,7.69,9.0,61,11,8,3264,40.8,74.2,76.2
Generalized Anxiety Disorde,Quetiapine,80,7.85,9.0,64,8,8,3940,49.2,76.3,80.0
Pain,Ultram,80,6.22,7.0,47,12,21,4766,59.6,58.0,58.8
Obsessive Compulsive Disorde,Sertraline,80,8.19,9.0,67,9,4,3522,44.0,102.1,83.8
Birth Control,Sronyx,80,5.58,5.0,34,20,26,530,6.6,78.2,42.5
Cough,Delsym,80,3.49,2.0,17,12,51,701,8.8,53.1,21.2
Neuropathic Pain,Lyrica,80,6.21,7.0,44,16,20,3783,47.3,86.2,55.0
Urinary Tract Infection,Bactrim,80,4.86,5.0,28,15,37,1854,23.2,67.5,35.0
Endometriosis,Leuprolide,79,5.85,7.0,43,9,27,1804,22.8,101.6,54.4
"Constipation, Chronic",Amitiza,79,6.68,8.0,49,12,18,2910,36.8,81.8,62.0
Unknown,Ethinyl Estradiol / Levonorgestrel,79,5.81,6.0,36,19,24,309,3.9,87.9,45.6
Bladder Infection,Macrobid,79,4.7,4.0,27,13,39,2779,35.2,74.9,34.2
Nausea/Vomiting,Promethazine,79,8.48,10.0,68,3,8,1496,18.9,64.0,86.1
Migraine,Acetaminophen / Aspirin / Caffeine,79,7.58,9.0,59,4,16,738,9.3,76.4,74.7
Major Depressive Disorde,Vilazodone,78,5.13,4.0,32,11,35,2367,30.3,91.0,41.0
Birth Control,Aubra,78,5.63,6.0,37,10,31,245,3.1,88.0,47.4
Depression,Remeron,77,7.96,9.0,59,14,4,6826,88.6,87.7,76.6
Osteoarthritis,Orthovisc,77,6.62,9.0,48,7,22,2919,37.9,87.9,62.3
Birth Control,Cryselle,77,5.88,7.0,40,11,26,738,9.6,94.2,51.9
Overactive Bladde,Mirabegron,76,5.17,5.0,31,13,32,3016,39.7,64.0,40.8
High Cholesterol,Atorvastatin,76,5.01,5.0,30,13,33,5293,69.6,67.2,39.5
Birth Control,Gianvi,76,6.22,7.5,41,18,17,594,7.8,98.4,53.9
Rheumatoid Arthritis,Adalimumab,76,6.8,8.0,51,6,19,3735,49.1,83.1,67.1
Muscle Spasm,Flexeril,76,6.47,8.0,46,17,13,3887,51.1,60.5,60.5
Pain,Vicodin,76,7.96,9.0,61,8,7,2349,30.9,61.2,80.3
Major Depressive Disorde,Viibryd,76,5.33,5.0,34,9,33,2345,30.9,88.6,44.7
Multiple Sclerosis,Glatiramer,76,7.76,9.0,58,7,11,2925,38.5,83.0,76.3
"Onychomycosis, Toenail",Efinaconazole,75,5.61,7.0,38,6,31,856,11.4,70.1,50.7
Generalized Anxiety Disorde,Citalopram,75,8.05,9.0,62,6,7,3608,48.1,96.4,82.7
Bipolar Disorde,Oxcarbazepine,75,8.09,9.0,61,6,8,2938,39.2,82.3,81.3
Allergies,Levocetirizine,75,5.43,5.0,36,8,31,1260,16.8,71.3,48.0
Sinusitis,Azithromycin,75,7.17,8.0,48,15,12,1863,24.8,71.0,64.0
Opiate Dependence,Buprenorphine,75,9.19,10.0,72,2,1,2903,38.7,86.5,96.0
Acne,Clindamycin / Tretinoin,74,7.38,9.0,54,7,13,799,10.8,100.6,73.0
Vertig,Meclizine,74,7.31,8.0,52,11,11,4050,54.7,68.7,70.3
Pain,Voltaren Gel,74,7.84,9.0,58,7,9,2684,36.3,83.3,78.4
"Gout, Acute",Indomethacin,73,8.32,9.0,61,6,6,2248,30.8,80.8,83.6
Pain,Buprenorphine,73,7.56,8.0,54,11,8,4198,57.5,106.3,74.0
Acne,Yaz,73,7.0,8.0,49,10,14,1188,16.3,106.6,67.1
Constipation,Miralax,73,9.01,10.0,66,5,2,4847,66.4,83.7,90.4
Bacterial Infection,Flagyl,73,6.75,8.0,47,13,13,1465,20.1,76.1,64.4
Insomnia,Doxylamine,72,6.62,8.0,45,9,18,2249,31.2,76.5,62.5
moterol),Budesonide / Formoterol,72,7.38,9.0,47,15,10,2724,37.8,71.7,65.3
Vaginal Yeast Infection,Monistat 7-Day Combination Pack,72,3.79,2.0,18,14,40,516,7.2,87.1,25.0
Opiate Dependence,Naltrexone,72,8.12,10.0,58,4,10,3187,44.3,100.9,80.6
High Blood Pressure,Olmesartan,72,7.6,9.0,51,13,8,2753,38.2,68.6,70.8
Breast Cance,Anastrozole,72,5.38,5.5,20,32,20,4508,62.6,89.4,27.8
Constipation,Phillips' Milk Of Magnesia,71,8.75,10.0,64,3,4,2118,29.8,97.8,90.1
"Onychomycosis, Toenail",Jublia,71,5.73,8.0,38,3,30,793,11.2,68.5,53.5
Bipolar Disorde,Zyprexa,71,6.56,8.0,45,9,17,2638,37.2,65.5,63.4
Rheumatoid Arthritis,Humira,71,6.41,8.0,44,6,21,3244,45.7,79.7,62.0
Erectile Dysfunction,Levitra,71,8.1,9.0,59,4,8,3701,52.1,63.0,83.1
Generalized Anxiety Disorde,Venlafaxine,70,6.81,8.0,47,8,15,2687,38.4,94.0,67.1
Narcolepsy,Modafinil,70,6.81,8.0,43,12,15,1755,25.1,76.2,61.4
Insomnia,Clonazepam,70,7.83,9.0,54,5,11,4402,62.9,89.6,77.1
Rosacea,Brimonidine,70,3.69,1.0,20,3,47,1206,17.2,93.4,28.6
Multiple Sclerosis,Copaxone,70,7.79,9.0,54,7,9,2637,37.7,77.9,77.1
Migraine,Maxalt,70,8.87,10.0,65,0,5,878,12.5,73.9,92.9
"Herpes Simplex, Suppression",Valacyclovir,69,8.54,10.0,58,3,8,2318,33.6,88.9,84.1
Migraine,Zolmitriptan,69,7.77,9.0,55,3,11,407,5.9,82.6,79.7
Chronic Pain,Hydromorphone,69,8.38,9.0,60,4,5,3068,44.5,75.7,87.0
Obsessive Compulsive Disorde,Fluvoxamine,69,8.09,9.0,54,10,5,2853,41.3,86.1,78.3
Anxiety and Stress,Paroxetine,69,6.65,8.0,44,8,17,2534,36.7,86.1,63.8
Cough,Chlorpheniramine / Hydrocodone,69,9.42,10.0,65,2,2,869,12.6,59.0,94.2
Narcolepsy,Armodafinil,69,6.62,8.0,43,12,14,1246,18.1,94.3,62.3
Bipolar Disorde,Risperidone,69,6.33,7.0,41,9,19,1989,28.8,66.3,59.4
Alcohol Withdrawal,Chlordiazepoxide,69,9.57,10.0,67,2,0,3659,53.0,93.2,97.1
Sinusitis,Levaquin,68,5.59,6.0,32,13,23,2183,32.1,79.4,47.1
Birth Control,Ocella,68,6.29,7.0,35,18,15,381,5.6,86.4,51.5
"Hypogonadism, Male",Axiron,68,7.51,9.0,51,5,12,2414,35.5,88.7,75.0
ADHD,Dextroamphetamine,68,8.69,9.5,61,3,4,2269,33.4,86.0,89.7
HIV Infection,Efavirenz / Emtricitabine / Tenofovir,68,9.13,10.0,65,1,2,1049,15.4,81.7,95.6
Pain,Lidocaine,68,5.12,6.0,33,2,33,1698,25.0,78.3,48.5
Major Depressive Disorde,Brexpiprazole,68,6.1,8.0,37,9,22,2343,34.5,88.0,54.4
Anxiety and Stress,Venlafaxine,68,7.29,8.0,47,14,7,1922,28.3,87.8,69.1
Psoriasis,Ustekinumab,67,8.33,9.0,57,4,6,2222,33.2,92.0,85.1
Helicobacter Pylori Infection,Bismuth Subcitrate Potassium / Metronidazole / Tetracycline,67,5.81,6.0,32,18,17,1152,17.2,99.8,47.8
Bipolar Disorde,Topiramate,67,7.82,9.0,51,7,9,3806,56.8,95.7,76.1
Acne,Tri-Sprintec,67,5.39,5.0,28,15,24,614,9.2,103.6,41.8
Seizures,Lacosamide,67,7.13,8.0,44,16,7,2198,32.8,93.2,65.7
Alcohol Withdrawal,Librium,67,9.54,10.0,66,1,0,3802,56.7,90.0,98.5
Pneumonia,Levofloxacin,67,5.1,5.0,29,7,31,1486,22.2,69.8,43.3
Overactive Bladde,Botox,67,5.55,6.0,33,2,32,3209,47.9,106.0,49.3
Allergic Rhinitis,Cetirizine,67,6.51,8.0,39,10,18,1166,17.4,59.0,58.2
Chronic Pain,Duloxetine,66,6.33,8.0,44,5,17,3123,47.3,86.4,66.7
GERD,Esomeprazole,66,7.71,9.0,47,9,10,1690,25.6,62.7,71.2
Insomnia,Silenor,66,6.77,9.0,42,3,21,3249,49.2,59.3,63.6
Anxiety and Stress,Amitriptyline,66,7.45,9.0,47,7,12,4714,71.4,80.6,71.2
High Blood Pressure,Valsartan,66,5.77,6.0,32,13,21,3128,47.4,63.6,48.5
Depression,L-Methylfolate,66,8.06,10.0,55,3,8,4691,71.1,95.2,83.3
High Blood Pressure,Hydrochlorothiazide,66,5.48,5.5,28,18,20,3247,49.2,73.6,42.4
Overactive Bladde,Onabotulinumtoxina,65,5.2,3.0,29,3,33,2996,46.1,105.9,44.6
Nausea/Vomiting of Pregnancy,Diclegis,65,6.89,8.0,43,5,17,393,6.0,100.5,66.2
Menstrual Disorders,Drospirenone / Ethinyl Estradiol,65,5.55,6.0,32,9,24,407,6.3,100.8,49.2
HIV Infection,Atripla,65,9.14,10.0,62,1,2,1107,17.0,83.9,95.4
Pain,Lortab,65,8.11,9.0,53,7,5,1691,26.0,45.0,81.5
Muscle Spasm,Baclofen,65,6.95,8.0,43,7,15,3243,49.9,71.9,66.2
Cough,Homatropine / Hydrocodone,65,7.72,9.0,48,9,8,983,15.1,55.3,73.8
GERD,Dexilant,65,6.48,8.0,39,7,19,2361,36.3,87.0,60.0
Allergic Rhinitis,Montelukast,65,5.82,7.0,33,7,25,1901,29.2,81.1,50.8
Obesity,Adipex-P,65,8.92,10.0,58,5,2,3432,52.8,93.2,89.2
Allergies,Xyzal,65,4.57,2.0,25,5,35,1109,17.1,65.3,38.5
Neuropathic Pain,Gabapentin,65,6.74,8.0,41,10,14,807,12.4,89.4,63.1
Underactive Thyroid,Armour Thyroid,65,7.69,10.0,48,6,11,5547,85.3,85.0,73.8
Anxiety,Pristiq,65,7.06,8.0,47,6,12,1613,24.8,92.5,72.3
Panic Disorde,Paroxetine,64,7.73,9.0,49,7,8,1678,26.2,81.9,76.6
Acne,Claravis,64,8.25,9.0,54,7,3,914,14.3,98.9,84.4
Bipolar Disorde,Gabapentin,64,8.52,9.0,52,9,3,3379,52.8,83.5,81.2
Dry Eye Disease,Lifitegrast,64,5.72,6.0,30,11,23,825,12.9,93.4,46.9
Bronchitis,Levofloxacin,64,5.62,6.0,32,7,25,1621,25.3,70.8,50.0
Acne,Yasmin,64,6.8,8.0,40,11,13,1093,17.1,108.4,62.5
Insomnia,Diphenhydramine,64,6.47,8.0,41,5,18,1052,16.4,51.3,64.1
Pain,Opana,64,7.77,9.0,52,4,8,2733,42.7,79.1,81.2
Birth Control,Estarylla,63,3.44,2.0,16,3,44,306,4.9,99.3,25.4
Birth Control,Jolessa,63,5.62,7.0,32,8,23,417,6.6,89.5,50.8
Chronic Pain,Cymbalta,63,6.21,8.0,41,5,17,3348,53.1,78.8,65.1
Urinary Tract Infection,Bactrim Ds,63,5.78,6.0,30,11,22,1733,27.5,80.0,47.6
Rosacea,Mirvaso,63,3.78,1.0,20,1,42,1206,19.1,90.5,31.7
Skin or Soft Tissue Infection,Cephalexin,63,6.83,8.0,39,8,16,1866,29.6,63.4,61.9
Multiple Sclerosis,Natalizumab,63,7.92,10.0,47,7,9,3584,56.9,73.2,74.6
Benign Prostatic Hyperplasia,Flomax,63,5.19,5.0,22,18,23,5291,84.0,65.2,34.9
Obesity,Xenical,63,8.54,10.0,55,4,4,5798,92.0,85.4,87.3
Benign Prostatic Hyperplasia,Silodosin,63,5.86,6.0,30,18,15,2392,38.0,71.0,47.6
Generalized Anxiety Disorde,Duloxetine,63,6.59,8.0,39,7,17,3217,51.1,98.1,61.9
Migraine,Naproxen / Sumatriptan,63,8.86,10.0,57,2,4,433,6.9,67.8,90.5
"Hypogonadism, Male",Testim,63,6.46,8.0,37,12,14,1388,22.0,90.4,58.7
Weight Loss,Victoza,63,8.14,8.0,51,9,3,2039,32.4,98.7,81.0
Sinusitis,Cefdinir,62,3.95,3.0,15,15,32,913,14.7,74.1,24.2
Bladder Infection,Ciprofloxacin,62,5.0,4.5,27,6,29,2238,36.1,69.4,43.5
"Ulcerative Colitis, Active",Mesalamine,62,7.23,8.0,46,4,12,1174,18.9,71.1,74.2
Hot Flashes,Gabapentin,62,8.89,10.0,57,2,3,2583,41.7,82.4,91.9
Asthma,Montelukast,62,5.34,5.0,26,13,23,1329,21.4,85.6,41.9
High Blood Pressure,Atenolol,62,6.69,8.0,40,9,13,2263,36.5,61.8,64.5
Benign Prostatic Hyperplasia,Rapaflo,62,6.42,7.0,34,18,10,2822,45.5,69.0,54.8
Bipolar Disorde,Seroquel Xr,62,7.73,9.0,48,5,9,1471,23.7,89.5,77.4
Bronchitis,Clarithromycin,62,4.71,4.0,22,11,29,1287,20.8,83.1,35.5
Muscle Spasm,Diazepam,62,8.79,10.0,54,6,2,3030,48.9,70.7,87.1
Helicobacter Pylori Infection,Pylera,62,5.98,6.5,31,16,15,1153,18.6,94.7,50.0
Vaginal Yeast Infection,Monistat 7,62,3.03,1.0,12,8,42,337,5.4,82.3,19.4
Abnormal Uterine Bleeding,Norethindrone,62,4.06,2.5,16,11,35,886,14.3,82.5,25.8
Premenstrual Dysphoric Disorde,Drospirenone / Ethinyl Estradiol,61,7.48,9.0,46,4,11,1211,19.9,91.9,75.4
Depression,Alprazolam,61,9.08,10.0,53,6,2,4628,75.9,63.6,86.9
Pain,Opana Er,61,7.95,9.0,49,4,8,2279,37.4,89.7,80.3
Restless Legs Syndrome,Mirapex,61,8.0,9.0,48,5,8,2423,39.7,73.2,78.7
ADHD,Ritalin,61,7.52,8.0,47,7,7,2204,36.1,86.0,77.0
Psoriasis,Stelara,61,8.72,9.0,55,3,3,1967,32.2,99.9,90.2
HIV Infection,Stribild,60,9.47,10.0,57,2,1,1069,17.8,79.2,95.0
Generalized Anxiety Disorde,Cymbalta,60,6.68,8.0,38,7,15,3332,55.5,97.4,63.3
Pain,Nortriptyline,60,6.98,8.0,41,5,14,6775,112.9,85.0,68.3
Psoriasis,Humira,60,7.6,9.0,44,7,9,1676,27.9,74.0,73.3
Birth Control,Zarah,60,6.58,8.0,34,10,16,337,5.6,103.4,56.7
Overactive Bladde,Myrbetriq,60,5.65,6.0,28,10,22,2850,47.5,61.1,46.7
High Cholesterol,Simvastatin,60,4.72,3.5,21,9,30,2778,46.3,62.2,35.0
GERD,Omeprazole,60,7.93,9.0,47,7,6,2003,33.4,62.7,78.3
Endometriosis,Lupron Depot,60,5.68,7.0,31,8,21,1428,23.8,103.4,51.7
Osteoarthritis,Synvisc-One,60,6.45,8.0,37,5,18,2124,35.4,92.2,61.7
Acne,Trinessa,60,6.78,8.0,36,10,14,625,10.4,100.4,60.0
Acne,Solodyn,60,6.97,8.0,40,8,12,1196,19.9,86.2,66.7
Psoriasis,Adalimumab,59,7.76,9.0,44,6,9,1696,28.7,74.7,74.6
Migraine,Gabapentin,59,7.83,9.0,47,4,8,2840,48.1,79.5,79.7
Emergency Contraception,Aftera,59,6.66,9.0,38,1,20,425,7.2,86.6,64.4
Pain,Tylenol With Codeine #3,59,5.31,5.0,28,8,23,1235,20.9,56.5,47.5
Pain,Lyrica,59,7.71,9.0,45,7,7,2322,39.4,69.7,76.3
Muscle Spasm,Zanaflex,59,7.49,9.0,42,9,8,4991,84.6,70.2,71.2
Migraine,Metoclopramide,59,4.83,3.0,25,4,30,687,11.6,106.8,42.4
Birth Control,Beyaz,59,7.0,8.0,37,14,8,738,12.5,89.7,62.7
Chronic Pain,Butrans,59,6.51,8.0,36,8,15,2235,37.9,92.7,61.0
Inflammatory Conditions,Prednisone,59,7.88,9.0,47,3,9,2675,45.3,96.2,79.7
Rosacea,Doxycycline,59,8.27,10.0,48,6,5,1451,24.6,82.7,81.4
Anorexia,Cyproheptadine,59,8.86,10.0,52,3,4,3068,52.0,77.9,88.1
Rheumatoid Arthritis,Etanercept,59,8.54,9.0,50,7,2,2431,41.2,83.0,84.7
Rosacea,Ivermectin,59,7.53,9.0,44,1,14,793,13.4,79.3,74.6
Narcolepsy,Nuvigil,59,6.49,7.0,36,10,13,1148,19.5,88.6,61.0
Unknown,Loestrin 24 Fe,58,6.09,6.5,29,15,14,139,2.4,97.2,50.0
Dental Abscess,Metronidazole,58,6.78,8.0,34,14,10,1390,24.0,82.6,58.6
ADHD,Bupropion,58,7.79,8.5,45,7,6,4180,72.1,95.1,77.6
Nausea/Vomiting of Pregnancy,Doxylamine / Pyridoxine,58,6.71,8.0,37,4,17,291,5.0,100.5,63.8
Acne,Loestrin 24 Fe,58,3.21,1.0,12,7,39,692,11.9,94.7,20.7
Smoking Cessation,Zyban,58,8.74,10.0,50,4,4,3121,53.8,85.7,86.2
Erectile Dysfunction,Alprostadil,58,7.83,9.0,47,2,9,2935,50.6,68.9,81.0
"Hypothyroidism, After Thyroid Removal",Levothyroxine,58,7.1,8.0,36,13,9,2509,43.3,70.8,62.1
Motion Sickness,Scopolamine,58,7.36,8.0,39,9,10,720,12.4,81.5,67.2
Migraine Prevention,Onabotulinumtoxina,58,7.14,9.0,40,4,14,2542,43.8,98.7,69.0
Migraine Prevention,Botox,58,6.81,9.0,38,3,17,2522,43.5,99.7,65.5
Nasal Congestion,Oxymetazoline,58,5.16,4.0,26,3,29,314,5.4,58.1,44.8
Generalized Anxiety Disorde,Sertraline,58,7.72,8.5,45,6,7,1818,31.3,107.3,77.6
Dry Eye Disease,Xiidra,58,5.62,5.5,27,11,20,824,14.2,98.4,46.6
Migraine,Treximet,57,9.02,10.0,53,1,3,448,7.9,70.5,93.0
Muscle Spasm,Metaxalone,57,7.65,9.0,44,5,8,2278,40.0,61.4,77.2
Major Depressive Disorde,Rexulti,57,6.75,8.0,36,7,14,2227,39.1,90.9,63.2
Birth Control,Jolivette,57,5.7,6.0,28,10,19,756,13.3,93.6,49.1
Depression,Trazodone,57,7.18,9.0,42,3,12,3952,69.3,74.5,73.7
Depression,Lamotrigine,57,8.11,9.0,47,1,9,2710,47.5,84.6,82.5
Trigeminal Neuralgia,Carbamazepine,57,6.75,8.0,34,14,9,1451,25.5,89.1,59.6
Sinusitis,Augmentin,57,5.7,6.0,26,11,20,2014,35.3,66.2,45.6
Birth Control,Camrese,57,5.19,5.0,22,14,21,289,5.1,96.2,38.6
Obsessive Compulsive Disorde,Zoloft,56,8.04,9.0,44,9,3,3047,54.4,100.1,78.6
Vaginal Yeast Infection,Diflucan,56,6.46,8.0,34,5,17,2329,41.6,67.5,60.7
Narcolepsy,Provigil,56,6.98,8.0,37,7,12,1561,27.9,73.1,66.1
Seizures,Vimpat,56,7.18,8.0,38,12,6,1866,33.3,90.2,67.9
Hot Flashes,Paroxetine,56,7.45,9.0,41,6,9,1957,34.9,82.4,73.2
Trichomoniasis,Metronidazole,56,7.8,8.0,41,13,2,1103,19.7,81.4,73.2
Major Depressive Disorde,Sertraline,56,6.91,8.0,40,4,12,1071,19.1,92.9,71.4
Birth Control,Kariva,55,5.96,6.0,27,12,16,436,7.9,95.5,49.1
Anxiety,Bupropion,55,7.02,8.0,37,9,9,2780,50.5,103.7,67.3
Overactive Bladde,Solifenacin,55,5.56,6.0,27,8,20,2258,41.1,70.3,49.1
Sedation,Trazodone,55,7.76,9.0,43,5,7,4071,74.0,82.1,78.2
"Asthma, Maintenance",Symbicort,55,7.55,9.0,37,10,8,1715,31.2,76.2,67.3
Insomnia,Zaleplon,55,5.18,5.0,26,6,23,1432,26.0,61.5,47.3
High Blood Pressure,Benicar,55,7.36,8.0,37,11,7,2379,43.3,65.8,67.3
Back Pain,Naproxen,55,5.8,7.0,30,5,20,1244,22.6,60.7,54.5
Emergency Contraception,Ulipristal,55,6.98,8.0,35,9,11,479,8.7,97.5,63.6
"Hypogonadism, Male",Androgel,55,7.4,9.0,41,4,10,3203,58.2,78.1,74.5
HIV Infection,Triumeq,54,8.37,10.0,44,6,4,679,12.6,79.1,81.5
GERD,Pantoprazole,54,6.33,7.5,30,9,15,1987,36.8,70.2,55.6
GERD,Nexium,54,7.69,10.0,38,7,9,1347,24.9,62.7,70.4
Rheumatoid Arthritis,Enbrel,54,8.35,9.0,45,5,4,2213,41.0,87.8,83.3
Ovarian Cysts,Ethinyl Estradiol / Norgestimate,54,6.41,7.0,30,13,11,353,6.5,106.0,55.6
Bipolar Disorde,Cariprazine,54,6.7,9.0,35,4,15,1029,19.1,82.5,64.8
Anxiety and Stress,Paxil,54,6.24,8.0,31,9,14,2507,46.4,80.4,57.4
Obsessive Compulsive Disorde,Clomipramine,54,8.52,9.0,49,2,3,2454,45.4,80.3,90.7
Multiple Sclerosis,Tysabri,53,7.87,10.0,38,6,9,3093,58.4,79.0,71.7
Bipolar Disorde,Carbamazepine,53,6.4,8.0,30,9,14,1354,25.5,65.4,56.6
Polycystic Ovary Syndrome,Ethinyl Estradiol / Norethindrone,53,6.32,7.0,28,10,15,564,10.6,100.7,52.8
Endometriosis,Ethinyl Estradiol / Levonorgestrel,53,6.15,7.0,28,9,16,404,7.6,103.9,52.8
HIV Infection,Cobicistat / Elvitegravir / Emtricitabine / Tenofovir,53,9.43,10.0,50,3,0,830,15.7,83.9,94.3
Urinary Tract Stones,Tamsulosin,53,7.64,9.0,38,6,9,1921,36.2,82.4,71.7
Depression,Wellbutrin Sr,53,6.87,8.0,34,8,11,3179,60.0,96.3,64.2
Osteoporosis,Denosumab,53,3.6,1.0,13,4,36,5905,111.4,74.0,24.5
Premenstrual Dysphoric Disorde,Fluoxetine,53,8.43,9.0,45,4,4,2048,38.6,91.9,84.9
Pain,Acetaminophen / Propoxyphene,52,7.35,8.0,38,7,7,973,18.7,47.6,73.1
Acne,Benzaclin,52,8.87,10.0,46,3,3,758,14.6,92.2,88.5
Birth Control,Nora-Be,52,5.17,5.0,22,11,19,751,14.4,97.0,42.3
Osteoporosis,Prolia,52,3.62,1.0,12,6,34,6204,119.3,76.8,23.1
HIV Infection,Abacavir / Dolutegravir / Lamivudine,52,8.21,9.5,40,9,3,650,12.5,77.4,76.9
ibromyalgia,Amitriptyline,52,6.69,7.0,36,5,11,2120,40.8,85.3,69.2
"Herpes Simplex, Suppression",Valtrex,52,8.58,10.0,44,3,5,2662,51.2,86.7,84.6
Nausea/Vomiting,Prochlorperazine,52,4.42,1.0,21,1,30,697,13.4,73.2,40.4
"Onychomycosis, Toenail",Lamisil,52,7.44,9.0,39,4,9,3209,61.7,94.4,75.0
Acne,Bactrim,52,8.9,10.0,47,2,3,1307,25.1,86.8,90.4
Depression,Tramadol,52,9.29,10.0,51,0,1,3838,73.8,99.0,98.1
Restless Legs Syndrome,Tramadol,52,8.58,9.0,46,2,4,1576,30.3,90.1,88.5
Schizophrenia,Paliperidone,51,6.02,8.0,30,4,17,848,16.6,76.6,58.8
Major Depressive Disorde,Levomilnacipran,51,5.41,5.0,23,8,20,1274,25.0,100.5,45.1
Epilepsy,Levetiracetam,51,6.12,7.0,27,9,15,785,15.4,76.1,52.9
Multiple Sclerosis,Gilenya,51,7.76,8.0,41,6,4,3067,60.1,76.6,80.4
"Diabetes, Type 2",Byetta,51,8.18,9.0,41,7,3,1648,32.3,73.2,80.4
Overactive Bladde,Vesicare,51,5.33,5.0,24,6,21,2033,39.9,66.8,47.1
Depression,Olanzapine,51,6.2,7.0,28,10,13,2192,43.0,72.7,54.9
Obesity,Alli,51,6.45,8.0,31,6,14,3373,66.1,84.4,60.8
Rosacea,Soolantra,51,7.51,9.0,38,1,12,693,13.6,74.5,74.5
Cough,Tussionex Pennkinetic,51,9.27,10.0,47,2,2,652,12.8,63.1,92.2
Multiple Sclerosis,Interferon Beta-1A,51,7.98,9.0,42,3,6,747,14.6,91.2,82.4
"Diabetes, Type 2",Sitagliptin,51,5.47,5.0,21,10,20,2496,48.9,61.0,41.2
Bacterial Infection,Amoxicillin / Clavulanate,51,4.33,3.0,15,10,26,867,17.0,66.3,29.4
Cough,Tessalon Perles,51,6.51,9.0,29,6,16,1601,31.4,59.1,56.9
Emergency Contraception,Ella,51,6.98,8.0,33,8,10,485,9.5,98.3,64.7
Chronic Pain,Oxycontin,51,7.88,9.0,41,5,5,3139,61.5,80.4,80.4
Psoriatic Arthritis,Apremilast,50,5.08,4.5,19,11,20,1016,20.3,85.5,38.0
ibromyalgia,Guaifenesin,50,8.36,9.0,41,5,4,2923,58.5,88.5,82.0
ADHD,Focalin Xr,50,7.78,8.0,40,5,5,1691,33.8,96.5,80.0
Birth Control,Portia,50,5.74,5.5,23,10,17,291,5.8,80.9,46.0
Prevention of Thromboembolism in Atrial Fibrillation,Dabigatran,50,7.6,8.0,37,9,4,2148,43.0,65.9,74.0
Rheumatoid Arthritis,Methotrexate,50,7.52,8.0,37,7,6,4152,83.0,84.3,74.0
Anxiety,Atarax,50,6.26,8.0,31,5,14,2968,59.4,65.2,62.0
Birth Control,Ortho Micronor,50,5.8,8.0,28,2,20,877,17.5,82.5,56.0
Hot Flashes,Venlafaxine,50,7.5,9.0,37,4,9,3260,65.2,84.7,74.0
"Asthma, Maintenance",Fluticasone / Salmeterol,50,8.1,9.0,41,4,5,1031,20.6,68.4,82.0
Bacterial Infection,Doxycycline,50,5.74,7.5,28,5,17,1984,39.7,77.8,56.0
Bipolar Disorde,Clonazepam,50,8.36,10.0,44,0,6,1672,33.4,52.5,88.0
Narcolepsy,Xyrem,50,8.32,9.0,44,1,5,1371,27.4,84.7,88.0
"COPD, Maintenance",Tiotropium,50,6.84,8.0,29,13,8,3016,60.3,70.5,58.0
"Diabetes, Type 2",Dapagliflozin,50,4.48,4.0,15,11,24,818,16.4,66.9,30.0
Psoriasis,Methotrexate,50,8.6,9.0,46,2,2,2568,51.4,89.5,92.0
Depression,Levomilnacipran,50,4.92,4.0,21,5,24,1889,37.8,92.8,42.0
High Cholesterol,Rosuvastatin,50,6.48,7.5,26,10,14,3171,63.4,67.8,52.0
ADHD,Dexedrine,49,8.63,9.0,44,3,2,2267,46.3,89.5,89.8
Anxiety and Stress,Zoloft,49,7.88,8.0,42,4,3,2130,43.5,91.2,85.7
Depression,Deplin,49,7.49,9.0,37,4,8,4271,87.2,93.6,75.5
Birth Control,Blisovi Fe 1 / 20,49,3.47,2.0,11,5,33,98,2.0,92.0,22.4
Osteoarthritis,Celecoxib,49,7.76,9.0,40,2,7,2201,44.9,66.5,81.6
Acne,Clindamycin,49,7.73,9.0,38,2,9,1660,33.9,81.7,77.6
Pain,Naproxen,49,6.8,8.0,31,6,12,640,13.1,38.7,63.3
Opiate Dependence,Subutex,49,9.22,10.0,49,0,0,2415,49.3,99.7,100.0
Urticaria,Omalizumab,49,8.16,10.0,39,2,8,1039,21.2,105.9,79.6
Restless Legs Syndrome,Requip,49,6.86,8.0,33,5,11,1696,34.6,79.4,67.3
Allergic Rhinitis,Dymista,49,6.57,9.0,29,4,16,484,9.9,79.1,59.2
Major Depressive Disorde,Fetzima,49,5.55,6.0,22,10,17,1158,23.6,98.3,44.9
Birth Control,Taytulla,48,4.69,2.5,18,4,26,173,3.6,108.0,37.5
Constipation,Senna,48,6.29,7.0,25,10,13,736,15.3,80.0,52.1
Multiple Sclerosis,Fingolimod,48,7.56,8.0,36,8,4,2587,53.9,76.1,75.0
Social Anxiety Disorde,Paroxetine,48,8.1,9.0,39,6,3,1801,37.5,99.8,81.2
Pain,Butrans,48,7.29,8.0,34,8,6,3599,75.0,107.0,70.8
Hepatitis C,Sofosbuvir / Velpatasvir,48,7.94,8.0,39,6,3,751,15.6,97.0,81.2
Panic Disorde,Buspirone,48,5.79,7.0,26,2,20,2261,47.1,90.1,54.2
Helicobacter Pylori Infection,Amoxicillin / Clarithromycin / Lansoprazole,48,7.35,8.0,34,9,5,779,16.2,96.0,70.8
Prevention of Thromboembolism in Atrial Fibrillation,Pradaxa,48,7.25,8.0,32,11,5,2244,46.8,70.2,66.7
Post Traumatic Stress Disorde,Sertraline,48,7.17,8.0,34,4,10,1409,29.4,100.4,70.8
Irritable Bowel Syndrome,Amitriptyline,47,8.74,9.0,44,0,3,2442,52.0,93.0,93.6
Interstitial Cystitis,Elmiron,47,7.55,9.0,35,3,9,1724,36.7,94.0,74.5
Obsessive Compulsive Disorde,Fluoxetine,47,8.02,9.0,40,2,5,2106,44.8,84.1,85.1
Irritable Bowel Syndrome,Bentyl,47,7.45,9.0,36,2,9,2875,61.2,64.2,76.6
Schizophrenia,Latuda,47,6.51,7.0,27,9,11,1389,29.6,84.0,57.4
Insomnia,Seroquel,47,8.34,9.0,41,5,1,1729,36.8,81.2,87.2
Alcohol Dependence,Disulfiram,47,8.87,10.0,42,2,3,3664,78.0,96.7,89.4
Allergic Rhinitis,Azelastine / Fluticasone,47,6.55,9.0,26,7,14,484,10.3,76.8,55.3
Rheumatoid Arthritis,Hydroxychloroquine,47,6.53,7.0,29,9,9,2777,59.1,101.1,61.7
Pain,Duloxetine,47,7.57,8.0,38,3,6,2065,43.9,80.2,80.9
Major Depressive Disorde,Escitalopram,47,7.0,8.0,30,10,7,941,20.0,103.3,63.8
"Diabetes, Type 2",Januvia,47,5.74,6.0,21,9,17,2356,50.1,66.1,44.7
Major Depressive Disorde,Zoloft,47,7.13,8.0,34,3,10,1336,28.4,87.9,72.3
Restless Legs Syndrome,Gabapentin,47,8.3,9.0,41,1,5,2680,57.0,72.3,87.2
Acne,Ziana,46,7.3,9.0,33,3,10,637,13.8,94.9,71.7
Insomnia,Lorazepam,46,8.26,9.0,39,3,4,3585,77.9,67.7,84.8
Sedation,Hydroxyzine,46,6.15,7.5,25,7,14,1470,32.0,78.2,54.3
Narcolepsy,Sodium Oxybate,46,8.07,9.0,39,2,5,1147,24.9,86.8,84.8
Herpes Simplex,Acyclovir,46,8.24,10.0,36,6,4,1378,30.0,94.6,78.3
Osteoporosis,Forteo,46,6.09,7.5,24,7,15,3742,81.3,83.0,52.2
Borderline Personality Disorde,Quetiapine,46,7.41,8.0,36,5,5,1129,24.5,98.7,78.3
Breast Cance,Letrozole,46,5.74,7.0,24,10,12,4016,87.3,96.7,52.2
Generalized Anxiety Disorde,Paroxetine,46,7.98,9.0,36,7,3,1321,28.7,91.9,78.3
Headache,Acetaminophen / Dichloralphenazone / Isometheptene Mucate,46,8.8,9.5,40,5,1,378,8.2,59.2,87.0
Atrial Fibrillation,Flecainide,46,7.48,9.0,33,6,7,2420,52.6,74.4,71.7
Alopecia,Minoxidil,46,6.89,8.0,31,5,10,2816,61.2,86.3,67.4
Panic Disorde,Paxil,46,8.02,9.0,37,5,4,1437,31.2,85.9,80.4
Acne,Acanya,45,7.42,9.0,33,4,8,495,11.0,76.7,73.3
Pain,Hydrocodone / Ibuprofen,45,8.56,9.0,41,1,3,706,15.7,60.5,91.1
Muscle Spasm,Skelaxin,45,7.73,9.0,36,4,5,1933,43.0,63.0,80.0
Schizophrenia,Lurasidone,45,6.62,7.0,26,10,9,1259,28.0,85.6,57.8
Nausea/Vomiting,Metoclopramide,45,3.78,1.0,14,1,30,694,15.4,63.3,31.1
ADHD,Daytrana,45,8.24,9.0,38,3,4,1007,22.4,110.2,84.4
Back Pain,Diclofenac,45,7.36,9.0,31,6,8,1209,26.9,54.6,68.9
Migraine Prevention,Divalproex Sodium,45,6.2,8.0,25,6,14,1107,24.6,71.3,55.6
Amenorrhea,Medroxyprogesterone,45,7.91,9.0,34,7,4,1093,24.3,88.2,75.6
Back Pain,Norco,45,8.69,9.0,42,1,2,2225,49.4,70.8,93.3
Hashimoto's disease,Thyroid Desiccated,45,7.67,9.0,34,2,9,2983,66.3,79.2,75.6
Hashimoto's disease,Levothyroxine,45,6.87,9.0,30,1,14,1600,35.6,82.1,66.7
Cluster Headaches,Sumatriptan,45,8.73,10.0,40,1,4,359,8.0,63.7,88.9
Insomnia,Ambien Cr,45,7.04,8.0,30,7,8,1091,24.2,86.4,66.7
Allergic Rhinitis,Fexofenadine,45,6.87,9.0,29,5,11,671,14.9,60.0,64.4
Schizophrenia,Aripiprazole,45,6.89,8.0,30,7,8,993,22.1,60.7,66.7
Acne,Doryx,45,7.62,9.0,35,1,9,955,21.2,75.3,77.8
Interstitial Cystitis,Pentosan Polysulfate Sodium,45,8.02,10.0,36,2,7,1534,34.1,89.5,80.0
Vaginal Yeast Infection,Terconazole,44,6.34,7.5,27,4,13,675,15.3,88.3,61.4
Pseudotumor Cerebri,Acetazolamide,44,6.73,8.0,28,5,11,663,15.1,104.3,63.6
ADHD,Amphetamine,44,6.61,8.0,28,3,13,406,9.2,74.0,63.6
Insomnia,Gabapentin,44,7.89,9.0,36,3,5,2114,48.0,75.6,81.8
Birth Control,Lyza,44,6.34,7.0,23,12,9,394,9.0,97.4,52.3
Pain,Meperidine,44,9.27,10.0,42,1,1,1379,31.3,57.3,95.5
Period Pain,Naproxen,44,8.11,10.0,35,3,6,979,22.2,75.4,79.5
Seizure Prevention,Lamotrigine,44,6.91,8.0,26,10,8,1177,26.8,84.8,59.1
Allergic Rhinitis,Fluticasone,44,6.18,8.0,25,4,15,597,13.6,61.0,56.8
Urinary Tract Stones,Flomax,44,8.48,10.0,35,7,2,2025,46.0,81.2,79.5
Major Depressive Disorde,Aripiprazole,44,5.86,8.0,24,2,18,549,12.5,91.8,54.5
Psoriatic Arthritis,Adalimumab,44,7.23,9.0,28,7,9,1261,28.7,91.4,63.6
Hepatitis C,Epclusa,44,8.16,9.0,36,5,3,713,16.2,95.5,81.8
HIV Infection,Genvoya,43,7.98,9.0,34,4,5,425,9.9,95.0,79.1
Panic Disorde,Citalopram,43,7.72,9.0,34,2,7,1693,39.4,90.2,79.1
High Blood Pressure,Diovan,43,6.51,7.0,24,10,9,2780,64.7,57.0,55.8
"Asthma, Maintenance",Advair Diskus,43,8.07,9.0,36,2,5,1011,23.5,62.3,83.7
"Asthma, acute",Albuterol,43,3.81,2.0,12,3,28,412,9.6,64.4,27.9
Panic Disorde,Fluoxetine,43,8.16,10.0,36,1,6,2003,46.6,102.1,83.7
Birth Control,Safyral,43,6.09,6.0,20,15,8,279,6.5,87.3,46.5
Allergic Rhinitis,Triamcinolone,43,6.65,9.0,26,3,14,589,13.7,59.6,60.5
Underactive Thyroid,Synthroid,43,6.84,8.0,27,4,12,3658,85.1,74.5,62.8
Birth Control,Tri-Lo-Sprintec,43,4.51,3.0,14,7,22,170,4.0,104.4,32.6
Endometriosis,Ethinyl Estradiol / Norethindrone,43,6.47,7.0,26,7,10,350,8.1,91.3,60.5
Depression,St. John'S Wort,43,8.77,9.0,39,2,2,2951,68.6,105.8,90.7
"Asthma, Maintenance",Montelukast,43,6.23,9.0,23,4,16,1287,29.9,84.1,53.5
Dysuria,Phenazopyridine,43,6.16,8.0,26,2,15,709,16.5,62.7,60.5
Insomnia,Rozerem,43,4.93,4.0,19,4,20,1448,33.7,61.1,44.2
Bipolar Disorde,Vraylar,42,6.33,8.0,25,5,12,810,19.3,81.8,59.5
Birth Control,Microgestin Fe 1.5 / 30,42,6.31,7.0,23,11,8,219,5.2,109.0,54.8
Anxiety,Trazodone,42,7.93,9.0,35,3,4,3528,84.0,86.1,83.3
High Cholesterol,Crestor,42,6.48,7.5,22,10,10,2670,63.6,77.4,52.4
Epilepsy,Divalproex Sodium,42,7.33,8.0,31,5,6,723,17.2,70.8,73.8
Opiate Dependence,Vivitrol,42,7.95,9.5,33,4,5,2244,53.4,108.2,78.6
Allergic Rhinitis,Azelastine,42,8.1,10.0,33,3,6,700,16.7,72.2,78.6
"Diabetes, Type 2",Insulin Glargine,42,7.24,8.5,26,9,7,645,15.4,67.5,61.9
Depression,Xanax,42,9.17,10.0,39,2,1,3581,85.3,68.1,92.9
Pain,Celecoxib,42,7.5,9.0,32,2,8,1996,47.5,71.2,76.2
Migraine,Aspirin / Butalbital / Caffeine,42,8.21,9.0,36,1,5,748,17.8,65.0,85.7
HIV Infection,Emtricitabine / Rilpivirine / Tenofovir,42,8.31,9.0,36,3,3,582,13.9,91.1,85.7
Multiple Sclerosis,Ampyra,42,8.55,10.0,36,2,4,2860,68.1,78.6,85.7
Perimenopausal Symptoms,Clonidine,42,6.9,9.0,28,4,10,1563,37.2,83.6,66.7
Menorrhagia,Tranexamic Acid,42,8.38,9.0,37,2,3,1826,43.5,97.0,88.1
Migraine,Zomig,42,7.6,9.0,30,4,8,344,8.2,81.1,71.4
Bacterial Infection,Cephalexin,41,6.37,7.0,22,9,10,1183,28.9,79.6,53.7
Bipolar Disorde,Risperdal,41,7.0,8.0,29,5,7,1841,44.9,68.5,70.7
Panic Disorde,Lorazepam,41,8.95,9.0,38,2,1,1886,46.0,86.2,92.7
"Diabetes, Type 2",Empagliflozin,41,7.1,8.0,27,6,8,1321,32.2,88.3,65.9
HIV Infection,Cobicistat / Elvitegravir / Emtricitabine / Tenofovir Alafenamide,41,7.93,9.0,32,4,5,384,9.4,95.1,78.0
Osteoporosis,Teriparatide,41,6.15,8.0,22,5,14,3200,78.0,81.0,53.7
Sinusitis,Moxifloxacin,41,6.59,8.0,24,8,9,688,16.8,57.6,58.5
Insomnia,Ramelteon,41,4.76,3.0,18,2,21,1243,30.3,67.8,43.9
Post Traumatic Stress Disorde,Zoloft,41,7.46,8.0,31,3,7,1630,39.8,102.5,75.6
GERD,Lansoprazole,41,7.95,9.0,31,7,3,1042,25.4,62.6,75.6
Social Anxiety Disorde,Paxil,41,7.61,9.0,30,5,6,1534,37.4,100.5,73.2
Obesity,Meridia,41,8.15,9.0,32,6,3,1084,26.4,75.6,78.0
Tonsillitis/Pharyngitis,Azithromycin,41,6.41,7.0,23,7,11,763,18.6,62.0,56.1
Bowel Preparation,Bisacodyl,40,5.92,7.0,21,5,14,462,11.6,83.5,52.5
Cough,Codeine / Guaifenesin,40,6.05,6.0,19,8,13,876,21.9,47.9,47.5
Skin or Soft Tissue Infection,Clindamycin,40,6.55,8.0,23,7,10,692,17.3,78.0,57.5
Allergic Rhinitis,Zyrtec,40,7.08,8.0,28,3,9,863,21.6,52.6,70.0
Osteoarthritis,Celebrex,40,7.85,9.0,32,3,5,1994,49.8,66.0,80.0
Rhinitis,Fluticasone,40,7.6,9.0,29,4,7,736,18.4,52.9,72.5
Premenstrual Dysphoric Disorde,Yaz,40,7.22,9.0,29,2,9,923,23.1,89.9,72.5
Irritable Bowel Syndrome,Hyoscyamine,40,7.98,9.0,32,3,5,1218,30.4,78.8,80.0
High Blood Pressure,Azor,40,8.85,10.0,35,5,0,1012,25.3,71.6,87.5
"Diabetes, Type 2",Farxiga,40,5.03,5.0,13,11,16,775,19.4,63.4,32.5
Psoriatic Arthritis,Humira,40,7.38,9.0,27,6,7,1108,27.7,92.9,67.5
Major Depressive Disorde,Mirtazapine,40,6.82,8.0,25,5,10,1185,29.6,80.9,62.5
Bacterial Vaginitis,Clindamycin,40,6.35,7.0,22,8,10,669,16.7,62.2,55.0
Benign Prostatic Hyperplasia,Cialis,40,7.9,9.0,31,4,5,3250,81.2,89.7,77.5
Vitamin/Mineral Supplementation during Pregnancy/Lactation,"Multivitamin, Prenatal",40,8.48,9.5,33,4,3,246,6.2,37.6,82.5
Motion Sickness,Transderm-Scop,40,6.95,8.0,25,7,8,630,15.8,82.4,62.5
Epilepsy,Carbamazepine,40,7.02,9.0,28,2,10,504,12.6,52.8,70.0
ADHD,Focalin,40,6.9,8.0,26,6,8,1541,38.5,98.2,65.0
Generalized Anxiety Disorde,Effexor Xr,39,6.69,7.0,25,5,9,2098,53.8,98.7,64.1
Pain,Celebrex,39,8.1,9.0,33,3,3,2096,53.7,65.9,84.6
Psoriatic Arthritis,Otezla,39,4.95,5.0,13,13,13,900,23.1,95.3,33.3
Nausea/Vomiting,Phenergan,39,8.87,10.0,35,1,3,1045,26.8,52.9,89.7
Nausea/Vomiting,Compazine,39,3.44,1.0,10,2,27,642,16.5,76.9,25.6
"Diabetes, Type 2",Jardiance,39,6.36,8.0,24,4,11,1196,30.7,84.4,61.5
Benign Prostatic Hyperplasia,Tadalafil,39,7.87,9.0,31,3,5,2681,68.7,86.1,79.5
"COPD, Maintenance",Spiriva,39,6.85,8.0,22,11,6,2703,69.3,65.4,56.4
HIV Infection,Complera,39,8.21,9.0,33,3,3,579,14.8,95.0,84.6
Cluster Headaches,Verapamil,39,9.03,10.0,34,4,1,847,21.7,76.3,87.2
Ulcerative Colitis,Mesalamine,39,6.97,8.0,27,5,7,335,8.6,65.3,69.2
Birth Control,Loseasonique,39,5.44,5.0,16,10,13,213,5.5,90.1,41.0
Strep Throat,Amoxicillin / Clavulanate,39,6.36,7.0,22,6,11,602,15.4,75.8,56.4
Obsessive Compulsive Disorde,Luvox,39,8.1,9.0,30,6,3,2159,55.4,80.1,76.9
Supraventricular Tachycardia,Metoprolol,39,7.0,8.0,26,6,7,1613,41.4,98.5,66.7
Schizophrenia,Risperidone,39,5.64,7.0,20,7,12,832,21.3,60.3,51.3
Acne,Ortho Tri-Cyclen,39,5.64,6.0,19,6,14,511,13.1,106.0,48.7
Endometriosis,Medroxyprogesterone,38,5.87,7.0,22,2,14,829,21.8,113.2,57.9
Sinusitis,Avelox,38,6.05,7.5,20,7,11,675,17.8,62.8,52.6
Alcohol Withdrawal,Baclofen,38,8.89,10.0,35,1,2,1724,45.4,81.9,92.1
Urticaria,Cetirizine,38,7.24,9.0,27,3,8,916,24.1,74.7,71.1
Depression,Parnate,38,8.76,10.0,34,1,3,1240,32.6,86.7,89.5
Bipolar Disorde,Klonopin,38,8.68,9.0,36,0,2,1630,42.9,54.8,94.7
Depression,Amitriptyline,38,8.55,9.0,34,2,2,2407,63.3,75.5,89.5
Rosacea,Metronidazole,38,6.95,8.0,25,5,8,1066,28.1,56.8,65.8
"Ulcerative Colitis, Active",Lialda,38,7.74,9.0,30,2,6,984,25.9,86.6,78.9
Depression,Tranylcypromine,38,8.53,10.0,32,2,4,1150,30.3,79.8,84.2
Migraine,Reglan,38,4.24,2.0,14,1,23,484,12.7,107.1,36.8
Abnormal Uterine Bleeding,Seasonique,38,3.89,2.5,8,7,23,332,8.7,107.2,21.1
Melasma,Fluocinolone / Hydroquinone / Tretinoin,38,8.89,10.0,34,0,4,1186,31.2,80.7,89.5
Migraine,Maxalt-Mlt,38,8.97,10.0,36,0,2,379,10.0,64.1,94.7
Dietary Supplementation,Multivitamin,38,6.74,8.0,24,4,10,972,25.6,65.1,63.2
Diverticulitis,Flagyl,38,6.58,8.0,25,7,6,1913,50.3,80.6,65.8
Androgenetic Alopecia,Finasteride,38,5.68,7.0,21,3,14,872,22.9,85.3,55.3
High Blood Pressure,Norvasc,38,4.66,4.0,14,7,17,4215,110.9,60.9,36.8
Atrial Fibrillation,Metoprolol,37,6.08,7.0,21,6,10,1213,32.8,73.0,56.8
Pain,Flector Patch,37,7.35,8.0,28,3,6,588,15.9,61.7,75.7
Bronchitis,Levaquin,37,4.68,2.0,14,3,20,1080,29.2,63.1,37.8
Seizure Prevention,Topiramate,37,6.03,8.0,22,3,12,863,23.3,80.5,59.5
Narcolepsy,Amphetamine / Dextroamphetamine,37,8.76,9.0,35,0,2,1646,44.5,88.5,94.6
GERD,Ranitidine,37,7.95,9.0,32,0,5,1266,34.2,62.9,86.5
Multiple Sclerosis,Dalfampridine,37,8.41,9.0,30,4,3,2386,64.5,74.3,81.1
Hyperhidrosis,Oxybutynin,37,8.27,9.0,32,1,4,1291,34.9,102.8,86.5
Major Depressive Disorde,Effexor Xr,37,6.86,8.0,25,4,8,725,19.6,90.1,67.6
Osteoarthritis,Voltaren Gel,37,8.41,10.0,32,1,4,1904,51.5,67.8,86.5
Obsessive Compulsive Disorde,Prozac,37,8.32,9.0,32,3,2,2123,57.4,126.8,86.5
Depression,Fetzima,37,4.62,3.0,13,5,19,1253,33.9,90.5,35.1
Bipolar Disorde,Venlafaxine,37,6.86,8.0,26,2,9,819,22.1,68.2,70.3
Insomnia,Restoril,36,7.81,8.0,26,9,1,2300,63.9,68.1,72.2
Prevention of Bladder infection,Nitrofurantoin,36,7.11,10.0,24,1,11,1367,38.0,61.3,66.7
Constipation,Linaclotide,36,6.78,8.5,23,4,9,1162,32.3,74.7,63.9
Cough,Codeine / Promethazine,36,7.67,9.5,27,2,7,559,15.5,50.0,75.0
Cough,Guaifenesin,36,6.61,8.0,23,4,9,639,17.8,56.1,63.9
Rheumatoid Arthritis,Rituximab,36,7.89,9.0,29,3,4,1304,36.2,112.0,80.6
Post Traumatic Stress Disorde,Prazosin,36,7.53,9.0,27,2,7,1228,34.1,65.6,75.0
Irritable Bowel Syndrome,Amitiza,36,6.08,8.0,20,4,12,1240,34.4,80.5,55.6
Schizophrenia,Abilify,36,6.36,7.0,21,6,9,957,26.6,62.4,58.3
Major Depressive Disorde,Abilify,36,6.56,8.5,22,3,11,566,15.7,85.1,61.1
Abnormal Uterine Bleeding,Provera,36,4.67,4.0,12,8,16,1469,40.8,98.8,33.3
Migraine,Fiorinal,36,8.25,10.0,30,1,5,741,20.6,69.4,83.3
Gout,Allopurinol,36,7.92,9.0,30,0,6,1500,41.7,68.2,83.3
Pain,Demerol,36,9.42,10.0,35,1,0,1377,38.2,66.0,97.2
Allergic Rhinitis,Singulair,36,7.11,9.0,24,2,10,1827,50.8,77.2,66.7
Constipation,Linzess,36,7.19,8.5,24,5,7,1286,35.7,80.6,66.7
Major Depressive Disorde,Wellbutrin Xl,36,7.06,8.5,23,7,6,1752,48.7,101.4,63.9
Abnormal Uterine Bleeding,Sprintec,36,3.94,2.0,10,5,21,265,7.4,91.9,27.8
Prostate Cance,Leuprolide,36,6.36,8.0,20,7,9,1776,49.3,92.2,55.6
Interstitial Cystitis,Amitriptyline,35,8.6,9.0,31,2,2,1167,33.3,84.1,88.6
Binge Eating Disorde,Lisdexamfetamine,35,7.26,8.0,24,6,5,1051,30.0,112.6,68.6
Irritable Bowel Syndrome,Lubiprostone,35,6.43,8.0,22,3,10,1158,33.1,81.6,62.9
Pneumonia,Levaquin,35,4.6,3.0,13,2,20,1135,32.4,60.8,37.1
Chronic Pain,Belbuca,35,3.6,2.0,10,2,23,798,22.8,108.0,28.6
Angina,Ranolazine,35,7.2,9.0,24,3,8,1061,30.3,67.1,68.6
Weight Loss,Fastin,35,7.17,9.0,25,1,9,2354,67.3,80.0,71.4
"Burns, External",Silver Sulfadiazine,35,10.0,10.0,35,0,0,626,17.9,91.3,100.0
Benign Prostatic Hyperplasia,Alfuzosin,35,5.57,6.0,15,11,9,1367,39.1,65.7,42.9
Dry Skin,Emollients,35,6.43,9.0,22,1,12,285,8.1,64.2,62.9
Diabetic Peripheral Neuropathy,Pregabalin,35,6.4,7.0,18,10,7,1635,46.7,70.8,51.4
High Cholesterol,Livalo,35,5.63,7.0,18,4,13,1760,50.3,82.4,51.4
Ankylosing Spondylitis,Humira,35,7.71,9.0,27,1,7,1212,34.6,92.3,77.1
Depression,Seroquel Xr,35,7.31,8.0,23,7,5,1938,55.4,79.2,65.7
Obesity,Tenuate,35,9.23,10.0,33,1,1,2113,60.4,99.0,94.3
Bacterial Vaginitis,Tinidazole,34,7.38,8.0,25,4,5,515,15.1,63.9,73.5
Binge Eating Disorde,Vyvanse,34,7.76,9.0,26,4,4,1138,33.5,114.4,76.5
Pain,Hysingla Er,34,4.18,3.0,11,4,19,1249,36.7,91.7,32.4
High Blood Pressure,Amlodipine / Olmesartan,34,8.74,10.0,29,4,1,940,27.6,70.1,85.3
Endometriosis,Ethinyl Estradiol / Norgestimate,34,6.24,7.0,19,6,9,274,8.1,78.5,55.9
High Blood Pressure,Ramipril,34,6.44,7.0,19,7,8,1418,41.7,66.9,55.9
Osteoporosis,Zoledronic Acid,34,5.44,6.0,16,4,14,2125,62.5,70.8,47.1
Kidney Infections,Ciprofloxacin,34,4.79,5.0,14,5,15,792,23.3,75.7,41.2
Opiate Dependence,Zubsolv,34,6.97,8.0,24,2,8,753,22.1,99.6,70.6
Unknown,Drospirenone / Ethinyl Estradiol,34,5.21,5.0,14,8,12,104,3.1,97.4,41.2
Helicobacter Pylori Infection,Prevpac,34,8.09,9.0,28,5,1,715,21.0,99.1,82.4
Pain,Ms Contin,34,8.53,9.0,31,1,2,2151,63.3,75.0,91.2
Opiate Dependence,Bunavail,34,6.09,8.5,19,2,13,577,17.0,99.7,55.9
"Asthma, Maintenance",Xolair,34,8.32,10.0,28,0,6,1195,35.1,87.7,82.4
Chronic Pain,Dilaudid,33,8.94,10.0,30,1,2,1655,50.2,65.1,90.9
Premature Lab,Makena,33,7.33,9.0,24,1,8,297,9.0,97.0,72.7
Schizoaffective Disorde,Paliperidone,33,6.15,7.0,19,4,10,711,21.5,80.3,57.6
Abnormal Uterine Bleeding,Loestrin 24 Fe,33,6.42,7.0,18,9,6,416,12.6,108.3,54.5
Chronic Pain,Ms Contin,33,8.18,9.0,27,3,3,1767,53.5,76.1,81.8
Chronic Idiopathic Constipation,Plecanatide,33,7.61,10.0,24,2,7,657,19.9,48.4,72.7
Bacterial Skin Infection,Bactrim,33,6.58,8.0,19,8,6,1690,51.2,68.9,57.6
Amenorrhea,Provera,33,7.79,9.0,25,5,3,870,26.4,83.8,75.8
"Gout, Acute",Colchicine,33,7.61,8.0,27,1,5,601,18.2,65.5,81.8
High Blood Pressure,Irbesartan,33,5.09,5.0,11,11,11,1734,52.5,69.3,33.3
Birth Control,Ortho Cyclen,33,6.61,8.0,19,6,8,430,13.0,90.4,57.6
High Blood Pressure,Cozaar,33,6.27,8.0,19,4,10,3562,107.9,55.9,57.6
ge (amlodipine / valsartan),Amlodipine / Valsartan,33,6.06,7.0,17,8,8,963,29.2,44.5,51.5
Alcohol Dependence,Antabuse,33,9.15,10.0,30,2,1,3096,93.8,95.4,90.9
Upper Respiratory Tract Infection,Azithromycin,33,6.88,9.0,23,0,10,785,23.8,76.2,69.7
Anxiety,Tramadol,33,9.45,10.0,33,0,0,2121,64.3,90.3,100.0
Birth Control,Ethinyl Estradiol / Ethynodiol,33,5.91,8.0,18,3,12,160,4.8,89.9,54.5
Seasonal Allergic Conjunctivitis,Olopatadine,33,7.67,9.0,24,4,5,302,9.2,66.3,72.7
High Blood Pressure,Clonidine,33,6.64,8.0,20,4,9,1638,49.6,68.5,60.6
Major Depressive Disorde,Duloxetine,33,7.06,8.0,23,2,8,717,21.7,91.5,69.7
"Diabetes, Type 2",Glimepiride,33,7.67,9.0,27,1,5,1526,46.2,66.8,81.8
Allergic Rhinitis,Loratadine,32,5.62,6.0,16,3,13,497,15.5,40.3,50.0
Bacterial Infection,Sulfamethoxazole / Trimethoprim,32,3.97,3.0,9,5,18,418,13.1,86.3,28.1
Pain,Nucynta Er,32,7.56,8.0,23,6,3,1346,42.1,93.5,71.9
Hashimoto's disease,Armour Thyroid,32,7.94,9.0,25,1,6,3088,96.5,92.9,78.1
"Asthma, Maintenance",Omalizumab,32,8.16,10.0,26,0,6,933,29.2,84.8,81.2
Pain,Cymbalta,32,7.62,9.0,25,3,4,1565,48.9,80.1,78.1
Major Depressive Disorde,Fluoxetine,32,7.72,9.0,25,2,5,855,26.7,95.8,78.1
Melasma,Tri-Luma,32,8.78,10.0,28,1,3,923,28.8,85.0,87.5
Urticaria,Xolair,32,7.97,10.0,25,1,6,952,29.8,99.2,78.1
Diabetic Peripheral Neuropathy,Lyrica,32,6.91,8.0,19,7,6,1604,50.1,67.1,59.4
Bipolar Disorde,Bupropion,32,6.66,9.0,21,3,8,905,28.3,83.8,65.6
Benign Essential Trem,Primidone,32,5.75,6.0,14,10,8,1285,40.2,78.8,43.8
Cold Sores,Penciclovir,32,9.25,10.0,30,0,2,247,7.7,67.9,93.8
Muscle Spasm,Chlorzoxazone,32,6.66,8.0,21,3,8,1311,41.0,74.2,65.6
Breast Cance,Exemestane,32,4.94,5.0,11,10,11,1643,51.3,72.4,34.4
Acne,Retin-A,32,8.28,9.0,27,2,3,1175,36.7,127.3,84.4
"Hypothyroidism, After Thyroid Removal",Synthroid,32,7.5,8.5,22,6,4,2159,67.5,83.1,68.8
Schizoaffective Disorde,Olanzapine,32,5.38,6.0,14,6,12,441,13.8,75.1,43.8
Rosacea,Azelaic Acid,32,8.0,9.0,26,2,4,527,16.5,77.9,81.2
Schizoaffective Disorde,Aripiprazole,32,7.12,9.0,22,3,7,632,19.8,61.9,68.8
Prevention of Thromboembolism in Atrial Fibrillation,Apixaban,32,6.06,7.5,18,5,9,1228,38.4,70.2,56.2
min),Metformin,31,6.97,8.0,22,2,7,2242,72.3,40.9,71.0
Insomnia,Sonata,31,6.74,8.0,22,1,8,1294,41.7,69.1,71.0
Muscle Spasm,Robaxin,31,6.29,8.0,18,3,10,2376,76.6,61.5,58.1
High Blood Pressure,Hydrochlorothiazide / Lisinopril,31,6.97,8.0,19,8,4,1407,45.4,64.0,61.3
emale Infertility,Clomiphene,31,7.32,10.0,22,1,8,2511,81.0,76.7,71.0
Premature Lab,Hydroxyprogesterone,31,6.39,9.0,19,0,12,274,8.8,96.4,61.3
Bipolar Disorde,Topamax,31,6.97,9.0,20,4,7,2343,75.6,78.5,64.5
Edema,Furosemide,31,7.61,8.0,23,6,2,2001,64.5,74.8,74.2
Major Depressive Disorde,Cymbalta,31,5.77,6.0,14,7,10,541,17.5,81.5,45.2
Hirsutism,Vaniqa,31,8.48,10.0,26,1,4,1398,45.1,95.6,83.9
Pain,Duragesic,31,8.23,9.0,29,0,2,1292,41.7,57.9,93.5
Hepatitis C,Sovaldi,31,7.48,10.0,21,4,6,503,16.2,89.0,67.7
Basal Cell Carcinoma,Imiquimod,31,7.39,8.0,22,5,4,974,31.4,79.3,71.0
Seizures,Zonisamide,31,7.1,8.0,22,2,7,811,26.2,65.7,71.0
Irritable Bowel Syndrome,Rifaximin,31,5.87,7.0,16,2,13,1232,39.7,79.2,51.6
Major Depressive Disorde,Wellbutrin,31,7.16,8.0,22,5,4,1371,44.2,96.0,71.0
Bronchitis,Zithromax,30,6.67,8.0,19,3,8,1200,40.0,65.8,63.3
Emergency Contraception,Next Choice,30,7.7,9.0,24,1,5,439,14.6,94.0,80.0
Bipolar Disorde,Sertraline,30,7.43,8.0,22,4,4,427,14.2,72.0,73.3
Asthma,Singulair,30,7.03,8.0,19,6,5,871,29.0,70.0,63.3
Unknown,Tri-Sprintec,30,5.63,7.0,16,5,9,50,1.7,96.8,53.3
Anxiety and Stress,Effexor,30,7.67,8.5,23,5,2,1241,41.4,82.8,76.7
Arrhythmia,Dofetilide,30,7.93,9.0,24,4,2,1740,58.0,76.2,80.0
Diarrhea,Atropine / Diphenoxylate,30,8.2,10.0,25,0,5,1128,37.6,72.1,83.3
Menstrual Disorders,Loestrin 24 Fe,30,5.9,6.5,15,5,10,402,13.4,104.8,50.0
Hirsutism,Eflornithine,30,8.1,9.0,24,3,3,1401,46.7,97.2,80.0
Menstrual Disorders,Tranexamic Acid,30,7.63,9.0,21,3,6,815,27.2,74.9,70.0
Neuralgia,Lyrica,30,7.43,8.0,22,4,4,1055,35.2,70.6,73.3
Renal Cell Carcinoma,Pazopanib,30,8.33,9.0,24,5,1,1183,39.4,93.3,80.0
Restless Legs Syndrome,Clonazepam,30,8.0,9.0,23,5,2,1304,43.5,68.7,76.7
High Cholesterol,Lipitor,30,5.17,5.0,13,5,12,3343,111.4,67.0,43.3
Osteoporosis,Reclast,30,6.13,8.0,16,4,10,2289,76.3,66.9,53.3
Otitis Media,Cefdinir,30,4.33,3.0,8,6,16,319,10.6,64.7,26.7
Muscle Spasm,Valium,30,8.6,9.0,26,3,1,2089,69.6,63.4,86.7
Autism,Risperidone,30,6.33,7.5,17,5,8,1806,60.2,79.5,56.7
Rosacea,Oracea,30,8.43,9.5,26,3,1,783,26.1,63.7,86.7
Irritable Bowel Syndrome,Chlordiazepoxide / Clidinium,30,8.97,10.0,27,2,1,1329,44.3,88.8,90.0
Migraine Prevention,Verapamil,30,8.23,9.0,26,0,4,1259,42.0,81.4,86.7
Pain,Voltaren,30,8.1,9.0,25,1,4,821,27.4,48.4,83.3
Pain,Vicoprofen,30,8.07,9.0,24,2,4,444,14.8,51.8,80.0
Birth Control,Zovia,30,5.67,6.5,15,3,12,161,5.4,91.1,50.0
Eye Redness,Ocular Lubricant,30,7.77,9.5,24,0,6,415,13.8,59.1,80.0
GERD,Prevacid,30,8.47,9.5,25,3,2,860,28.7,56.5,83.3
Asthma,Prednisone,30,7.27,8.0,22,2,6,978,32.6,76.9,73.3
Pneumonia,Moxifloxacin,30,8.33,9.0,27,2,1,604,20.1,72.4,90.0
ibromyalgia,Cyclobenzaprine,29,7.62,9.0,23,1,5,1058,36.5,66.7,79.3
Rosacea,Finacea,29,8.0,9.0,23,2,4,705,24.3,84.8,79.3
Benign Essential Trem,Propranolol,29,6.93,8.0,19,3,7,1049,36.2,88.6,65.5
Epilepsy,Keppra,29,6.28,8.0,18,4,7,714,24.6,77.3,62.1
moterol / mometasone),Formoterol / Mometasone,29,5.9,7.0,15,5,9,494,17.0,69.0,51.7
Allergic Rhinitis,Nasacort,29,6.48,9.0,18,1,10,392,13.5,53.2,62.1
High Cholesterol,Ezetimibe,29,5.0,3.0,11,3,15,1640,56.6,56.2,37.9
Bipolar Disorde,Escitalopram,29,6.93,8.0,18,5,6,696,24.0,62.3,62.1
"Diabetes, Type 2",Glipizide,29,6.72,8.0,16,7,6,1832,63.2,68.4,55.2
Chronic Pain,Fentanyl Transdermal System,29,7.72,8.0,26,2,1,1261,43.5,93.7,89.7
Breast Cance,Arimidex,29,6.07,6.0,13,10,6,3054,105.3,57.9,44.8
Ankylosing Spondylitis,Etanercept,29,8.21,9.0,24,2,3,482,16.6,75.8,82.8
High Cholesterol,Pitavastatin,29,6.07,8.0,17,2,10,1514,52.2,80.3,58.6
Narcolepsy,Methylphenidate,29,7.79,9.0,22,3,4,1126,38.8,75.4,75.9
Menstrual Disorders,Yaz,29,5.45,4.0,13,5,11,129,4.4,93.2,44.8
Narcolepsy,Adderall,29,8.79,10.0,27,1,1,1456,50.2,88.9,93.1
Birth Control,Natazia,29,6.76,8.0,17,4,8,216,7.4,84.2,58.6
Schizoaffective Disorde,Ziprasidone,29,7.28,8.0,20,6,3,474,16.3,73.3,69.0
Osteoarthritis,Mobic,29,8.48,9.0,26,1,2,2622,90.4,58.0,89.7
Psychosis,Haloperidol,29,7.45,8.0,23,1,5,572,19.7,82.7,79.3
Rheumatoid Arthritis,Leflunomide,29,6.93,8.0,19,5,5,1988,68.6,77.3,65.5
Keratosis,Imiquimod,29,7.0,7.0,21,5,3,559,19.3,97.4,72.4
Nasal Congestion,Pseudoephedrine,29,6.86,9.0,20,2,7,582,20.1,50.2,69.0
Deep Vein Thrombosis,Rivaroxaban,29,6.21,7.0,16,4,9,795,27.4,83.1,55.2
Nausea/Vomiting,Reglan,29,4.03,1.0,10,0,19,641,22.1,67.3,34.5
Schizoaffective Disorde,Abilify,29,7.69,9.0,21,3,5,558,19.2,58.6,72.4
Sciatica,Cyclobenzaprine,29,6.66,7.0,18,5,6,1186,40.9,48.3,62.1
Psoriasis,Clobetasol,29,8.66,10.0,24,4,1,665,22.9,70.5,82.8
Generalized Anxiety Disorde,Paxil,28,8.25,9.0,23,4,1,1136,40.6,98.0,82.1
Schizoaffective Disorde,Geodon,28,6.96,8.0,18,6,4,548,19.6,63.8,64.3
Panic Disorde,Prozac,28,8.25,9.0,24,1,3,1928,68.9,104.7,85.7
Pain,Zohydro Er,28,8.5,9.0,24,2,2,1410,50.4,92.4,85.7
Prostatitis,Ciprofloxacin,28,3.96,3.0,6,6,16,411,14.7,72.5,21.4
"Asthma, Maintenance",Qvar,28,5.57,6.5,14,3,11,448,16.0,70.8,50.0
Endometriosis,Depo-Provera,28,6.46,7.5,18,3,7,562,20.1,112.2,64.3
Epilepsy,Depakote,28,7.68,8.0,22,4,2,516,18.4,76.9,78.6
Ankylosing Spondylitis,Adalimumab,28,7.57,9.0,20,3,5,933,33.3,91.5,71.4
Overactive Bladde,Oxytrol,28,7.54,9.0,20,5,3,1419,50.7,70.3,71.4
Bacterial Infection,Augmentin,28,4.57,4.5,10,5,13,619,22.1,44.8,35.7
Premenstrual Dysphoric Disorde,Sertraline,28,8.86,10.0,26,0,2,1343,48.0,106.2,92.9
Bipolar Disorde,Tegretol,28,7.61,9.0,20,5,3,1410,50.4,73.6,71.4
Depression,Zyprexa,28,5.79,6.5,14,5,9,1670,59.6,58.9,50.0
Acne,Tri-Previfem,28,5.68,5.0,12,5,11,337,12.0,96.2,42.9
Neuralgia,Pregabalin,28,8.04,9.0,23,3,2,1052,37.6,78.7,82.1
Diabetic Peripheral Neuropathy,Gabapentin,28,6.68,8.0,18,4,6,673,24.0,70.7,64.3
High Cholesterol,Niacin,28,6.21,6.5,14,8,6,550,19.6,65.5,50.0
Rheumatoid Arthritis,Golimumab,28,7.14,8.5,19,3,6,898,32.1,77.2,67.9
Anxiety and Stress,Fluvoxamine,28,6.11,7.0,15,4,9,965,34.5,95.4,53.6
Birth Control,Microgestin 1 / 20,28,6.96,8.0,17,6,5,196,7.0,88.4,60.7
Keratoconjunctivitis Sicca,Restasis,28,6.0,8.5,15,3,10,806,28.8,87.6,53.6
Pain,Neurontin,28,6.21,8.0,17,3,8,1812,64.7,66.5,60.7
Cold Sores,Denavir,28,8.82,10.0,25,0,3,225,8.0,72.6,89.3
Rhinitis,Flonase,28,7.29,10.0,19,2,7,741,26.5,60.8,67.9
Pain,Lidoderm,28,6.43,8.0,19,1,8,1006,35.9,78.5,67.9
High Blood Pressure,Carvedilol,28,3.82,2.0,7,4,17,1466,52.4,75.5,25.0
Gout,Uloric,27,8.48,10.0,24,1,2,811,30.0,76.0,88.9
Chronic Idiopathic Constipation,Trulance,27,8.04,10.0,22,0,5,599,22.2,47.6,81.5
Gouty Arthritis,Prednisone,27,9.48,10.0,27,0,0,1061,39.3,89.9,100.0
Breast Cance,Tamoxifen,27,5.52,7.0,14,6,7,1633,60.5,95.0,51.9
ADHD,Metadate Cd,27,6.85,8.0,16,6,5,727,26.9,100.4,59.3
Erectile Dysfunction,Avanafil,27,6.33,8.0,17,0,10,882,32.7,70.1,63.0
Gout,Febuxostat,27,8.48,10.0,23,2,2,613,22.7,78.3,85.2
Bacterial Infection,Amoxicillin,27,6.96,8.0,17,4,6,637,23.6,60.8,63.0
Ankylosing Spondylitis,Enbrel,27,8.11,9.0,21,4,2,380,14.1,78.0,77.8
Obsessive Compulsive Disorde,Escitalopram,27,8.81,10.0,24,2,1,1395,51.7,97.6,88.9
Strep Throat,Clarithromycin,27,4.59,4.0,8,6,13,227,8.4,85.7,29.6
Pneumonia,Avelox,27,8.85,9.0,25,2,0,608,22.5,76.3,92.6
Motion Sickness,Meclizine,27,8.56,10.0,23,1,3,648,24.0,63.3,85.2
Period Pain,Mefenamic Acid,27,6.96,9.0,18,2,7,341,12.6,81.9,66.7
Atrial Fibrillation,Propafenone,27,8.33,9.0,23,2,2,760,28.1,82.6,85.2
"Diabetes, Type 1",Afrezza,27,7.67,10.0,21,0,6,1153,42.7,45.8,77.8
"Crohn's Disease, Maintenance",Humira,27,7.63,9.0,21,2,4,1242,46.0,77.4,77.8
Rheumatoid Arthritis,Xeljanz,27,5.63,7.0,14,1,12,944,35.0,60.8,51.9
Unknown,Depo-Provera,27,5.67,6.0,12,5,10,135,5.0,100.9,44.4
Hyperprolactinemia,Cabergoline,27,8.22,9.0,23,3,1,394,14.6,72.8,85.2
Major Depressive Disorde,Lexapro,27,7.19,8.0,17,7,3,779,28.9,108.9,63.0
Migraine,Frova,27,9.19,10.0,26,0,1,209,7.7,73.3,96.3
Pulmonary Embolism,Xarelto,27,6.59,8.0,18,2,7,718,26.6,78.1,66.7
Upper Respiratory Tract Infection,Clarithromycin,27,5.41,6.0,10,9,8,323,12.0,87.2,37.0
Migraine,Frovatriptan,27,9.22,10.0,26,0,1,220,8.1,83.0,96.3
"Sexual Dysfunction, SSRI Induced",Bupropion,27,6.33,7.0,14,6,7,999,37.0,80.8,51.9
Back Pain,Lortab,27,8.59,9.0,23,4,0,605,22.4,37.8,85.2
Pulmonary Embolism,Rivaroxaban,27,7.04,8.0,20,1,6,586,21.7,97.2,74.1
Nasal Congestion,Afrin,27,4.22,1.0,10,0,17,181,6.7,55.9,37.0
Migraine Prevention,Elavil,27,7.96,9.0,22,2,3,1141,42.3,78.6,81.5
Hepatitis C,Sofosbuvir,27,7.22,9.0,18,4,5,318,11.8,89.6,66.7
Allergic Rhinitis,Allegra,27,7.19,9.0,18,4,5,542,20.1,64.1,66.7
Seizure Prevention,Clonazepam,27,9.19,10.0,24,3,0,444,16.4,66.4,88.9
High Blood Pressure,Exforge,27,6.15,7.0,14,8,5,765,28.3,44.5,51.9
"Ulcerative Colitis, Maintenance",Mesalamine,26,7.73,9.0,21,1,4,633,24.3,64.0,80.8
Obsessive Compulsive Disorde,Anafranil,26,7.85,8.5,23,0,3,1769,68.0,80.0,88.5
Bladder Infection,Cephalexin,26,7.88,9.0,21,3,2,1126,43.3,69.9,80.8
"Crohn's Disease, Maintenance",Adalimumab,26,7.92,9.0,21,2,3,1083,41.7,85.6,80.8
Psoriasis,Betamethasone / Calcipotriene,26,7.46,9.0,19,1,6,271,10.4,69.8,73.1
min / sitagliptin),Metformin / Sitagliptin,26,5.88,6.0,12,7,7,985,37.9,70.9,46.2
ibromyalgia,Venlafaxine,26,7.08,8.0,19,3,4,1007,38.7,71.7,73.1
Birth Control,Viorele,26,5.08,5.0,12,2,12,134,5.2,86.3,46.2
Schizophrenia,Quetiapine,26,7.12,9.0,19,1,6,465,17.9,91.8,73.1
Schizoaffective Disorde,Quetiapine,26,6.92,8.5,15,5,6,516,19.8,70.6,57.7
Schizoaffective Disorde,Invega,26,5.46,5.5,12,4,10,573,22.0,72.5,46.2
Chlamydia Infection,Doxycycline,26,7.31,8.0,17,7,2,370,14.2,67.2,65.4
Chronic Fatigue Syndrome,Armodafinil,26,7.46,8.0,21,2,3,1143,44.0,92.9,80.8
Insomnia,Triazolam,26,9.42,10.0,26,0,0,783,30.1,47.5,100.0
Urticaria,Zyrtec,26,7.85,9.0,21,1,4,820,31.5,77.6,80.8
Uterine Fibroids,Leuprolide,26,6.81,8.0,17,3,6,1122,43.2,91.4,65.4
Birth Control,Camila,26,4.62,3.5,9,4,13,331,12.7,96.4,34.6
Depression,Modafinil,26,7.96,9.5,20,2,4,1047,40.3,85.5,76.9
Keratoconjunctivitis Sicca,Cyclosporine,26,4.81,2.0,10,2,14,673,25.9,88.1,38.5
Systemic Lupus Erythematosus,Hydroxychloroquine,26,7.73,8.5,21,2,3,1009,38.8,91.0,80.8
Bowel Preparation,Dulcolax,26,4.85,3.5,9,4,13,424,16.3,88.1,34.6
Unknown,Levonorgestrel,26,5.65,6.0,12,5,9,161,6.2,106.9,46.2
Smoking Cessation,Nicoderm Cq,26,9.15,10.0,24,2,0,770,29.6,100.4,92.3
Nasal Congestion,Loratadine / Pseudoephedrine,26,7.65,9.0,19,3,4,555,21.3,61.3,73.1
Depression,Phenelzine,26,9.08,10.0,23,3,0,1100,42.3,81.2,88.5
Major Depressive Disorde,Pristiq,26,6.69,8.0,18,1,7,371,14.3,108.2,69.2
"Diabetes, Type 2",Janumet,26,6.08,6.5,13,5,8,940,36.2,68.1,50.0
"Herpes Simplex, Suppression",Lysine,26,9.35,10.0,25,0,1,1271,48.9,85.3,96.2
Diabetic Peripheral Neuropathy,Cymbalta,26,6.92,8.0,18,1,7,1017,39.1,64.2,69.2
Tinnitus,Alprazolam,26,8.19,9.0,22,2,2,1579,60.7,78.7,84.6
Major Depressive Disorde,Desvenlafaxine,26,5.23,5.5,13,1,12,345,13.3,93.3,50.0
Psoriasis,Taclonex,26,7.96,9.5,20,2,4,312,12.0,69.3,76.9
Renal Cell Carcinoma,Votrient,26,8.15,9.0,21,4,1,1683,64.7,93.5,80.8
Pain,Etodolac,26,7.31,9.0,19,2,5,864,33.2,50.8,73.1
Pain,Endocet,26,7.58,9.0,19,4,3,604,23.2,47.7,73.1
Pain,Acetaminophen / Tramadol,26,7.19,9.0,18,3,5,1159,44.6,69.0,69.2
Bronchitis,Guaifenesin,26,7.77,9.0,20,2,4,1503,57.8,58.4,76.9
Atrial Fibrillation,Sotalol,26,7.69,9.0,19,5,2,1395,53.7,78.3,73.1
Plaque Psoriasis,Secukinumab,26,8.04,10.0,19,3,4,507,19.5,84.4,73.1
Erectile Dysfunction,Stendra,26,5.96,7.5,15,1,10,830,31.9,67.5,57.7
Post Traumatic Stress Disorde,Quetiapine,26,7.46,8.0,18,5,3,460,17.7,79.5,69.2
emale Infertility,Clomid,25,7.68,10.0,19,1,5,2757,110.3,65.4,76.0
Multiple Sclerosis,Dimethyl Fumarate,25,7.32,9.0,17,4,4,576,23.0,74.0,68.0
Overactive Bladde,Tolterodine,25,7.0,9.0,16,5,4,637,25.5,56.0,64.0
Rheumatoid Arthritis,Plaquenil,25,6.92,7.0,16,4,5,2580,103.2,87.7,64.0
High Blood Pressure,Hydrochlorothiazide / Losartan,25,8.0,9.0,20,1,4,893,35.7,53.9,80.0
Seizures,Phenytoin,25,6.68,9.0,15,3,7,386,15.4,72.7,60.0
Seizure Prevention,Topamax,25,6.04,7.0,14,3,8,811,32.4,77.8,56.0
Sinusitis,Sulfamethoxazole / Trimethoprim,25,4.4,4.0,8,5,12,383,15.3,54.8,32.0
Allergic Rhinitis,Levocetirizine,25,8.32,10.0,19,4,2,449,18.0,60.0,76.0
Rheumatoid Arthritis,Meloxicam,25,6.04,8.0,16,1,8,1114,44.6,60.0,64.0
High Blood Pressure,Amlodipine / Benazepril,25,6.04,6.0,11,7,7,706,28.2,35.1,44.0
Urinary Incontinence,Oxybutynin,25,6.36,8.0,16,2,7,802,32.1,48.4,64.0
Abnormal Uterine Bleeding,Tri-Sprintec,25,4.84,5.0,8,6,11,207,8.3,95.6,32.0
Overactive Bladde,Toviaz,25,5.08,5.0,10,6,9,699,28.0,60.8,40.0
"Crohn's Disease, Maintenance",Mesalamine,25,8.12,9.0,20,4,1,493,19.7,64.3,80.0
Keratosis,Zyclara,25,7.28,8.0,19,4,2,601,24.0,95.4,76.0
Rheumatoid Arthritis,Tofacitinib,25,5.72,7.0,13,2,10,652,26.1,59.9,52.0
Depression,Nardil,25,8.64,9.0,20,5,0,1091,43.6,76.5,80.0
Panic Disorde,Buspar,25,5.72,8.0,13,1,11,1537,61.5,82.9,52.0
ibromyalgia,Topiramate,25,6.24,8.0,14,3,8,1027,41.1,65.8,56.0
Acne,Atralin,25,8.08,9.0,21,2,2,722,28.9,99.8,84.0
"Insomnia, Stimulant-Associated",Clonidine,25,7.48,8.0,16,8,1,819,32.8,80.4,64.0
Bacterial Infection,Levofloxacin,25,5.08,3.0,10,2,13,393,15.7,58.2,40.0
"Crohn's Disease, Maintenance",Pentasa,25,7.96,8.0,21,3,1,546,21.8,65.1,84.0
Irritable Bowel Syndrome,Cholestyramine,25,9.4,10.0,24,0,1,1143,45.7,75.1,96.0
"Crohn's Disease, Maintenance",Infliximab,25,7.72,9.0,20,2,3,771,30.8,96.4,80.0
Angina,Ranexa,25,7.52,9.0,18,3,4,979,39.2,67.4,72.0
Cold Sores,Acyclovir,25,8.32,9.0,21,2,2,277,11.1,92.4,84.0
Head Lice,Ivermectin,25,6.36,9.0,14,2,9,279,11.2,91.5,56.0
Birth Control,Quasense,25,5.48,6.0,11,5,9,121,4.8,93.9,44.0
Migraine,Sumavel Dosepro,25,8.28,9.0,21,1,3,179,7.2,102.3,84.0
Psoriatic Arthritis,Etanercept,25,8.32,10.0,21,1,3,567,22.7,64.7,84.0
Arrhythmia,Tikosyn,25,8.32,9.0,22,1,2,1585,63.4,74.0,88.0
Psoriatic Arthritis,Enbrel,25,8.0,9.0,20,1,4,605,24.2,62.8,80.0
Depression,Methylphenidate,25,9.16,9.0,25,0,0,1790,71.6,80.7,100.0
Urinary Tract Infection,Levofloxacin,25,5.28,5.0,11,3,11,774,31.0,53.3,44.0
Atopic Dermatitis,Tacrolimus,25,7.12,9.0,17,2,6,560,22.4,91.2,68.0
Birth Control,Dienogest / Estradiol,24,6.62,7.5,13,5,6,157,6.5,77.5,54.2
High Blood Pressure,Toprol-Xl,24,7.12,8.0,14,7,3,1567,65.3,67.9,58.3
atigue,Modafinil,24,8.71,9.0,21,3,0,515,21.5,75.9,87.5
Allergies,Hydroxyzine,24,8.88,9.0,22,2,0,572,23.8,58.2,91.7
Insomnia,Unisom Sleeptabs,24,6.71,8.0,16,2,6,1183,49.3,71.3,66.7
Crohn's Disease,Adalimumab,24,6.21,8.0,13,3,8,577,24.0,69.2,54.2
Schizophrenia,Asenapine,24,7.71,8.0,20,1,3,459,19.1,79.8,83.3
Schizophrenia,Invega,24,4.92,5.5,11,3,10,580,24.2,84.9,45.8
Multiple Sclerosis,Teriflunomide,24,5.92,7.0,13,4,7,836,34.8,100.2,54.2
Multiple Sclerosis,Tecfidera,24,7.96,9.0,18,4,2,633,26.4,73.8,75.0
Cough,Hydromet,24,8.29,9.0,19,3,2,606,25.2,61.5,79.2
Endometriosis,Seasonique,24,4.75,3.0,9,2,13,257,10.7,95.1,37.5
Osteoarthritis,Naproxen,24,6.58,8.0,15,3,6,714,29.8,42.8,62.5
Head Lice,Sklice,24,7.17,10.0,16,1,7,245,10.2,85.8,66.7
Urticaria,Xyzal,24,8.29,9.0,21,1,2,444,18.5,63.2,87.5
"Diabetes, Type 2",Pioglitazone,24,4.33,3.0,5,6,13,861,35.9,49.9,20.8
Sciatica,Naproxen,24,6.5,8.5,16,0,8,1025,42.7,55.8,66.7
Ulcerative Colitis,Remicade,24,7.42,10.0,17,2,5,734,30.6,98.6,70.8
Asthma,Fluticasone / Vilanterol,24,7.5,9.5,17,2,5,395,16.5,94.1,70.8
Acne,Benzoyl Peroxide / Erythromycin,24,8.75,9.0,22,2,0,325,13.5,89.4,91.7
Urticaria,Levocetirizine,24,8.83,9.0,23,0,1,435,18.1,71.8,95.8
Seizure Prevention,Lamictal,24,6.75,7.0,14,5,5,815,34.0,78.4,58.3
Bulimia,Fluoxetine,24,8.29,9.0,21,1,2,991,41.3,80.2,87.5
Menorrhagia,Lysteda,24,8.88,9.0,23,0,1,1348,56.2,95.4,95.8
Rheumatoid Arthritis,Prednisone,24,7.75,9.0,18,2,4,1716,71.5,88.8,75.0
Bronchitis,Amoxicillin / Clavulanate,24,7.25,9.0,17,2,5,652,27.2,51.3,70.8
Obesity,Topamax,24,7.46,8.0,18,3,3,3182,132.6,87.4,75.0
Unknown,Medroxyprogesterone,24,4.12,2.5,6,4,14,115,4.8,102.0,25.0
Obstructive Sleep Apnea/Hypopnea Syndrome,Armodafinil,24,8.5,9.0,22,1,1,554,23.1,110.2,91.7
Lyme Disease,Doxycycline,24,7.92,9.0,19,3,2,758,31.6,127.0,79.2
Migraine,Naratriptan,24,8.88,10.0,22,1,1,258,10.8,70.5,91.7
Raynaud's Syndrome,Nifedipine,24,7.83,9.0,19,3,2,484,20.2,67.4,79.2
Overactive Bladde,Fesoterodine,24,5.62,6.0,12,3,9,743,31.0,69.2,50.0
Anxiety,Oxazepam,24,9.21,10.0,24,0,0,1292,53.8,67.5,100.0
Asthma,Breo Ellipta,24,6.71,9.5,14,2,8,416,17.3,81.0,58.3
Birth Control,Falmina,24,4.92,3.5,10,2,12,115,4.8,115.2,41.7
ADHD,Clonidine,24,8.92,10.0,22,1,1,1324,55.2,93.3,91.7
Alzheimer's Disease,Donepezil,24,5.12,4.5,11,3,10,1481,61.7,69.4,45.8
Cough,Mucinex,24,6.38,8.0,15,3,6,711,29.6,59.3,62.5
Bacterial Infection,Ciprofloxacin,24,6.46,8.0,14,3,7,507,21.1,67.5,58.3
"Asthma, Maintenance",Singulair,24,7.33,9.5,15,3,6,980,40.8,76.3,62.5
Muscle Spasm,Amrix,24,6.88,8.0,16,3,5,636,26.5,41.5,66.7
Constipation,Sodium Biphosphate / Sodium Phosphate,23,9.48,10.0,22,1,0,293,12.7,74.9,95.7
Rheumatoid Arthritis,Diclofenac,23,7.17,8.0,16,3,4,454,19.7,46.1,69.6
High Blood Pressure,Hydrochlorothiazide / Triamterene,23,5.65,5.0,9,7,7,817,35.5,72.7,39.1
Allergic Rhinitis,Nasonex,23,7.78,9.0,17,3,3,379,16.5,59.6,73.9
Atrophic Vaginitis,Estrace Vaginal Cream,23,6.39,9.0,13,3,7,1903,82.7,78.3,56.5
Panic Disorde,Venlafaxine,23,7.35,8.0,17,3,3,627,27.3,91.1,73.9
Plaque Psoriasis,Taltz,23,7.3,9.0,16,1,6,291,12.7,93.2,69.6
GERD,Rabeprazole,23,8.3,10.0,18,3,2,472,20.5,49.3,78.3
Acne,Monodox,23,7.91,9.0,18,2,3,490,21.3,83.5,78.3
Bipolar Disorde,Trileptal,23,8.61,9.0,20,1,2,1637,71.2,69.6,87.0
High Blood Pressure,Avapro,23,4.96,5.0,9,5,9,1608,69.9,71.5,39.1
Bronchitis,Cefdinir,23,4.3,3.0,7,2,14,195,8.5,63.8,30.4
Diabetic Peripheral Neuropathy,Duloxetine,23,6.09,8.0,14,1,8,746,32.4,53.8,60.9
Not Listed / Othe,Phentermine,23,9.09,10.0,22,1,0,54,2.3,97.8,95.7
Birth Control,Errin,23,5.0,4.0,8,5,10,220,9.6,91.9,34.8
Pain,Ibuprofen,23,8.7,9.0,20,2,1,227,9.9,36.8,87.0
Inflammatory Conditions,Mobic,23,7.0,8.0,16,3,4,1676,72.9,59.5,69.6
"Hypothyroidism, After Thyroid Removal",Thyroid Desiccated,23,7.83,9.0,18,1,4,1357,59.0,95.7,78.3
Irritable Bowel Syndrome,Librax,23,9.13,10.0,22,0,1,1114,48.4,81.1,95.7
Rheumatoid Arthritis,Sulfasalazine,23,5.57,6.0,10,5,8,1237,53.8,78.6,43.5
Chronic Pain,Morphine / Naltrexone,23,4.7,4.0,10,2,11,527,22.9,83.5,43.5
Unknown,Mirena,23,6.17,7.0,12,5,6,111,4.8,107.1,52.2
Deep Vein Thrombosis,Xarelto,23,6.39,7.0,14,2,7,690,30.0,83.7,60.9
Trigeminal Neuralgia,Tegretol,23,6.96,8.0,14,6,3,1018,44.3,71.2,60.9
Sinus Symptoms,Ibuprofen / Pseudoephedrine,23,8.57,10.0,19,2,2,173,7.5,49.0,82.6
ADHD,Methamphetamine,23,8.57,10.0,20,1,2,1396,60.7,71.5,87.0
Neutropenia Associated with Chemotherapy,Neulasta,22,6.59,8.0,15,2,5,477,21.7,80.5,68.2
Non-Small Cell Lung Cance,Tarceva,22,9.0,9.5,21,0,1,1721,78.2,77.2,95.5
"Asthma, Maintenance",Beclomethasone,22,6.18,8.0,13,2,7,422,19.2,68.5,59.1
GERD,Aciphex,22,9.36,10.0,20,2,0,523,23.8,43.9,90.9
Acne,Gianvi,22,7.77,9.0,17,2,3,196,8.9,87.3,77.3
Acne,Benzoyl Peroxide,22,8.82,10.0,19,2,1,346,15.7,61.4,86.4
"Asthma, acute",Proair Respiclick,22,1.27,1.0,0,0,22,178,8.1,67.3,0.0
Atopic Dermatitis,Crisaborole,22,6.64,9.0,12,5,5,340,15.5,97.9,54.5
Atrial Fibrillation,Diltiazem,22,7.59,9.0,15,4,3,984,44.7,59.0,68.2
Muscle Spasm,Robaxin-750,22,4.91,5.0,9,5,8,999,45.4,45.9,40.9
Premenstrual Dysphoric Disorde,Zoloft,22,8.41,10.0,19,0,3,1109,50.4,101.8,86.4
Prevention of Thromboembolism in Atrial Fibrillation,Eliquis,22,7.0,8.0,14,5,3,1051,47.8,69.5,63.6
"Diabetes, Type 1","Insulin Inhalation, Rapid Acting",22,7.45,10.0,16,1,5,844,38.4,55.4,72.7
"Diabetes, Type 2",Actos,22,4.86,4.0,7,4,11,827,37.6,56.2,31.8
Crohn's Disease,Humira,22,6.23,6.5,11,5,6,592,26.9,71.8,50.0
Sinusitis,Cefuroxime,22,7.23,10.0,15,1,6,777,35.3,68.0,68.2
Obesity,Victoza,22,8.86,9.5,20,2,0,1703,77.4,100.8,90.9
Allergic Rhinitis,Mometasone,22,6.95,8.5,13,4,5,263,12.0,60.5,59.1
Allergic Rhinitis,Xyzal,22,7.82,9.5,16,2,4,432,19.6,57.1,72.7
Interstitial Cystitis,Phenazopyridine,22,8.41,10.0,19,0,3,516,23.5,53.8,86.4
Back Pain,Aleve,22,7.14,9.0,15,2,5,764,34.7,44.1,68.2
Irritable Bowel Syndrome,Xifaxan,22,5.86,6.5,11,2,9,1114,50.6,87.0,50.0
Sjogren's Syndrome,Hydroxychloroquine,22,6.82,8.5,14,2,6,1232,56.0,80.5,63.6
Keratosis,Fluorouracil,22,8.59,9.5,20,0,2,1905,86.6,98.0,90.9
Bacterial Infection,Azithromycin,22,5.45,6.0,10,4,8,76,3.5,74.4,45.5
Panic Disorde,Ativan,22,8.77,9.5,18,4,0,1093,49.7,74.4,81.8
Allergic Rhinitis,Fexofenadine / Pseudoephedrine,22,7.77,8.0,19,1,2,160,7.3,48.0,86.4
Constipation,Dulcolax Laxative,22,7.27,9.0,15,2,5,124,5.6,96.8,68.2
Heart Attack,Clopidogrel,22,7.91,10.0,18,0,4,1912,86.9,66.3,81.8
Pain,Nalbuphine,22,7.55,9.0,16,1,5,307,14.0,70.5,72.7
Trigeminal Neuralgia,Oxcarbazepine,22,8.5,10.0,20,0,2,858,39.0,76.5,90.9
Nausea/Vomiting,Zofran Odt,22,7.73,9.5,16,2,4,382,17.4,51.7,72.7
Bronchitis,Moxifloxacin,22,6.73,8.5,13,4,5,367,16.7,66.1,59.1
Multiple Sclerosis,Aubagio,22,5.64,7.0,12,3,7,791,36.0,95.9,54.5
"Gout, Acute",Naproxen,22,8.45,9.0,18,3,1,822,37.4,59.4,81.8
Bipolar Disorde,Duloxetine,22,6.45,8.0,15,1,6,584,26.5,77.9,68.2
Bipolar Disorde,Fluoxetine / Olanzapine,22,8.32,8.5,21,0,1,612,27.8,68.8,95.5
Bipolar Disorde,Symbyax,22,8.23,8.0,21,0,1,667,30.3,72.9,95.5
Pain,Codeine,22,7.68,9.0,17,1,4,385,17.5,47.7,77.3
Pain,Elavil,22,7.68,8.0,16,4,2,2987,135.8,63.0,72.7
Birth Control,Junel Fe 1.5 / 30,22,5.59,5.5,10,5,7,51,2.3,83.7,45.5
High Cholesterol,Pravastatin,22,4.68,4.0,7,6,9,1894,86.1,45.5,31.8
High Cholesterol,Repatha,22,5.14,5.0,9,3,10,677,30.8,96.1,40.9
Obstructive Sleep Apnea/Hypopnea Syndrome,Nuvigil,22,8.14,9.0,18,2,2,548,24.9,102.8,81.8
Epilepsy,Phenytoin,22,8.14,8.5,20,0,2,184,8.4,66.5,90.9
Epilepsy,Tegretol,22,6.64,9.0,14,0,8,433,19.7,44.8,63.6
Anxiety,Xanax Xr,21,9.05,10.0,19,1,1,948,45.1,80.2,90.5
Depression,Selegiline,21,8.33,9.0,19,1,1,1102,52.5,89.9,90.5
Restless Legs Syndrome,Rotigotine,21,8.67,9.0,19,1,1,498,23.7,94.0,90.5
Migraine,Diclofenac,21,8.24,10.0,18,0,3,418,19.9,66.0,85.7
Anxiety,Clonidine,21,7.52,8.0,15,4,2,1122,53.4,58.6,71.4
Anxiety,Risperidone,21,6.05,8.0,12,1,8,778,37.0,75.8,57.1
High Cholesterol,Zetia,21,5.67,6.0,10,3,8,1484,70.7,50.5,47.6
Atrial Fibrillation,Dronedarone,21,6.14,8.0,12,3,6,616,29.3,55.7,57.1
Urinary Incontinence,Solifenacin,21,7.14,8.0,14,3,4,1281,61.0,74.0,66.7
Acne,Amnesteem,21,7.81,9.0,17,2,2,233,11.1,112.5,81.0
Schizophrenia,Olanzapine,21,6.76,8.0,17,1,3,438,20.9,64.3,81.0
Endometriosis,Norethindrone,21,5.71,5.0,9,5,7,345,16.4,91.7,42.9
Inflammatory Conditions,Dexamethasone,21,6.71,8.0,15,0,6,271,12.9,64.5,71.4
Pain,Butorphanol,21,9.38,10.0,21,0,0,449,21.4,96.9,100.0
Pruritus,Hydroxyzine,21,6.86,8.0,15,2,4,508,24.2,66.3,71.4
Atopic Dermatitis,Eucrisa,21,6.9,9.0,12,5,4,349,16.6,93.2,57.1
Shift Work Sleep Disorde,Armodafinil,21,7.52,8.0,16,2,3,480,22.9,85.6,76.2
COPD,Roflumilast,21,8.24,10.0,17,2,2,1000,47.6,50.6,81.0
Eczema,Mometasone,21,9.38,10.0,20,0,1,392,18.7,59.4,95.2
Ulcerative Colitis,Infliximab,21,7.14,10.0,14,2,5,524,25.0,99.0,66.7
Allergic Reactions,Diphenhydramine,21,7.9,9.0,17,2,2,364,17.3,58.1,81.0
Sinusitis,Zithromax,21,8.48,9.0,19,0,2,926,44.1,64.4,90.5
Postherpetic Neuralgia,Gabapentin,21,7.62,9.0,16,1,4,850,40.5,86.8,76.2
Pain,Acetaminophen,21,7.76,10.0,16,2,3,245,11.7,27.1,76.2
Sedation,Promethazine,21,7.62,9.0,16,2,3,829,39.5,81.0,76.2
Birth Control,Tarina Fe 1 / 20,21,5.05,5.0,6,8,7,51,2.4,93.6,28.6
Agitated State,Abilify,21,6.24,8.0,12,3,6,654,31.1,81.5,57.1
Multiple Sclerosis,Avonex,21,7.24,9.0,14,3,4,392,18.7,92.2,66.7
"COPD, Maintenance",Albuterol / Ipratropium,21,7.0,9.0,15,1,5,450,21.4,51.0,71.4
Photoaging of the Skin,Tretinoin,21,8.38,9.0,18,1,2,1397,66.5,81.8,85.7
Cough,Cheratussin Ac,21,5.57,6.0,9,4,8,598,28.5,55.3,42.9
Allergic Rhinitis,Flonase,21,7.24,9.0,15,1,5,427,20.3,62.9,71.4
Heart Failure,Carvedilol,21,9.33,10.0,21,0,0,787,37.5,50.9,100.0
Non-Small Cell Lung Cance,Erlotinib,21,9.52,10.0,21,0,0,1916,91.2,82.3,100.0
Nausea/Vomiting,Scopolamine,21,5.81,6.0,9,6,6,87,4.1,100.6,42.9
Osteoarthritis,Synvisc,21,5.67,8.0,11,2,8,385,18.3,69.7,52.4
Osteoporosis,Ibandronate,21,4.76,2.0,9,0,12,1057,50.3,59.9,42.9
ibromyalgia,Trazodone,21,7.0,8.0,14,4,3,532,25.3,61.6,66.7
Chronic Pain,Roxicodone,21,9.19,10.0,21,0,0,1381,65.8,70.4,100.0
"Diabetes, Type 2",Tradjenta,21,4.38,3.0,6,3,12,557,26.5,55.9,28.6
Pneumonia,Doxycycline,21,5.1,4.0,8,3,10,397,18.9,60.6,38.1
Headache,Naproxen,21,8.43,9.0,18,1,2,548,26.1,52.3,85.7
Benign Prostatic Hyperplasia,Dutasteride,21,7.95,9.0,17,3,1,1723,82.0,62.2,81.0
Bacterial Vaginitis,Metrogel-Vaginal,21,6.38,7.0,11,5,5,666,31.7,82.9,52.4
Benign Prostatic Hyperplasia,Finasteride,21,5.14,6.0,9,5,7,1387,66.0,59.5,42.9
Pain,Kadian,20,8.0,8.5,18,0,2,918,45.9,67.4,90.0
Migraine,Axert,20,9.25,10.0,19,0,1,170,8.5,49.5,95.0
Atopic Dermatitis,Protopic,20,7.35,9.5,14,1,5,628,31.4,90.1,70.0
High Blood Pressure,Telmisartan,20,6.45,7.5,11,5,4,860,43.0,54.8,55.0
Uterine Fibroids,Lupron Depot,20,7.0,9.0,14,1,5,811,40.6,94.0,70.0
Schizoaffective Disorde,Zyprexa,20,6.4,8.0,12,3,5,402,20.1,65.6,60.0
High Blood Pressure,Tekturna,20,7.3,9.0,15,2,3,426,21.3,54.2,75.0
Hot Flashes,Brisdelle,20,6.7,8.0,13,3,4,926,46.3,79.2,65.0
Migraine,Cyproheptadine,20,6.4,6.5,10,7,3,391,19.6,78.4,50.0
Anxiety,Lamotrigine,20,6.95,9.0,13,2,5,431,21.6,95.4,65.0
Anxiety and Stress,Effexor Xr,20,7.95,8.0,16,3,1,635,31.8,89.4,80.0
Anxiety,Vilazodone,20,6.7,8.0,14,2,4,779,39.0,108.6,70.0
Rheumatoid Arthritis,Simponi,20,7.4,9.0,15,1,4,756,37.8,85.4,75.0
Schizophrenia,Ziprasidone,20,7.8,9.0,16,2,2,400,20.0,84.8,80.0
Schizophrenia,Saphris,20,7.8,8.0,17,1,2,364,18.2,79.2,85.0
Schizophrenia,Risperdal,20,5.0,5.0,9,3,8,539,27.0,73.2,45.0
Ovarian Cysts,Ethinyl Estradiol / Levonorgestrel,20,6.0,8.0,11,2,7,92,4.6,88.8,55.0
Migraine Prevention,Zonisamide,20,6.75,7.0,14,2,4,689,34.4,76.4,70.0
Urinary Incontinence,Mirabegron,20,5.4,5.5,8,4,8,842,42.1,70.6,40.0
Chronic Fatigue Syndrome,Modafinil,20,7.6,9.5,15,1,4,785,39.2,86.1,75.0
Allergic Reactions,Prednisone,20,7.6,9.0,14,2,4,598,29.9,73.8,70.0
Polycystic Ovary Syndrome,Loestrin 24 Fe,20,7.15,8.5,12,5,3,361,18.0,102.4,60.0
"Constipation, Drug Induced",Relistor,20,6.8,8.0,12,3,5,492,24.6,98.7,60.0
Overactive Bladde,Tamsulosin,20,5.4,5.5,7,8,5,899,45.0,64.4,35.0
Birth Control,Seasonale,20,5.95,7.5,11,2,7,122,6.1,91.2,55.0
Chronic Pain,Exalgo,20,8.3,9.0,17,3,0,878,43.9,96.8,85.0
Chronic Pain,Duragesic,20,8.1,8.0,17,2,1,490,24.5,62.7,85.0
Bipolar Disorde,Cymbalta,20,6.95,8.5,14,2,4,558,27.9,69.2,70.0
Bipolar Disorde,Depakote Er,20,7.3,8.5,15,2,3,273,13.6,72.7,75.0
"Crohn's Disease, Maintenance",Remicade,20,7.1,8.0,14,3,3,592,29.6,96.4,70.0
Insomnia,Olanzapine,20,7.6,9.0,16,1,3,627,31.4,66.2,80.0
Atrophic Vaginitis,Estring,20,6.25,8.0,12,1,7,264,13.2,76.0,60.0
Birth Control,Velivet,20,5.85,5.5,9,6,5,77,3.8,89.2,45.0
COPD,Daliresp,20,8.05,9.5,16,2,2,1073,53.6,49.2,80.0
"Diarrhea, Chronic",Colesevelam,20,9.45,10.0,19,1,0,1042,52.1,89.2,95.0
Muscle Pain,Naproxen,20,6.4,7.5,12,3,5,264,13.2,50.8,60.0
Hepatitis C,Elbasvir / Grazoprevir,20,8.7,10.0,17,2,1,296,14.8,98.5,85.0
Plaque Psoriasis,Ixekizumab,20,7.2,10.0,14,0,6,259,13.0,94.6,70.0
Urticaria,Fexofenadine,20,8.2,9.0,17,0,3,552,27.6,67.0,85.0
Pain,Roxicodone,20,8.8,9.5,17,3,0,825,41.2,76.6,85.0
Migraine Prevention,Depakote,20,5.05,4.0,8,4,8,542,27.1,60.0,40.0
Pneumonia,Clarithromycin,20,7.95,9.0,15,4,1,237,11.8,71.2,75.0
Bronchitis,Avelox,20,5.85,6.0,9,4,7,291,14.6,63.6,45.0
Period Pain,Diclofenac,20,7.7,9.0,16,0,4,289,14.4,57.8,80.0
ibromyalgia,Neurontin,20,6.4,7.0,12,4,4,1012,50.6,45.4,60.0
ibromyalgia,Prednisone,20,8.45,10.0,16,3,1,785,39.2,81.4,80.0
ibromyalgia,Ultram,20,6.8,8.5,13,2,5,1038,51.9,71.0,65.0
ibromyalgia,Meloxicam,20,7.35,8.0,15,2,3,1065,53.2,68.3,75.0
Plaque Psoriasis,Cosentyx,19,8.16,10.0,15,1,3,324,17.1,67.7,78.9
Erectile Dysfunction,Edex,19,8.58,10.0,17,0,2,972,51.2,68.4,89.5
Cervical Dystonia,Botox,19,7.37,8.0,14,2,3,536,28.2,83.1,73.7
Rheumatoid Arthritis,Orencia,19,6.68,9.0,12,1,6,911,47.9,75.8,63.2
Major Depressive Disorde,Effexor,19,6.47,8.0,11,4,4,497,26.2,116.6,57.9
Pain,Ultracet,19,8.47,9.0,17,1,1,1154,60.7,64.4,89.5
Major Depressive Disorde,Prozac,19,7.11,8.0,13,2,4,651,34.3,76.2,68.4
Neutropenia Associated with Chemotherapy,Pegfilgrastim,19,6.37,8.0,12,2,5,434,22.8,76.3,63.2
"Constipation, Drug Induced",Methylnaltrexone,19,7.21,9.0,13,1,5,513,27.0,94.4,68.4
"Diabetes, Type 2","Insulin Inhalation, Rapid Acting",19,7.11,10.0,13,0,6,256,13.5,46.8,68.4
Anxiety,Atenolol,19,7.58,8.0,16,0,3,1039,54.7,61.7,84.2
Hypersomnia,Nuvigil,19,6.26,8.0,11,4,4,285,15.0,103.4,57.9
Abnormal Uterine Bleeding,Mononessa,19,6.32,8.0,10,2,7,189,9.9,89.1,52.6
Headache,Aspirin / Butalbital / Caffeine / Codeine,19,9.58,10.0,19,0,0,388,20.4,55.0,100.0
"Gout, Acute",Methylprednisolone,19,8.95,10.0,17,0,2,469,24.7,63.5,89.5
Motion Sickness,Dimenhydrinate,19,9.26,10.0,18,0,1,426,22.4,58.9,94.7
"Diabetes, Type 2",Afrezza,19,7.11,10.0,13,0,6,318,16.7,43.6,68.4
"Diabetes, Type 2",Glucophage,19,6.32,8.0,12,1,6,1242,65.4,40.5,63.2
High Blood Pressure,Diltiazem,19,6.79,8.0,11,3,5,769,40.5,57.8,57.9
Postoperative Pain,Ketorolac,19,7.47,9.0,13,3,3,191,10.1,51.4,68.4
GERD,Protonix,19,6.84,8.0,12,3,4,1064,56.0,72.6,63.2
Breakthrough Pain,Fentanyl,19,8.68,9.0,16,3,0,571,30.1,80.2,84.2
Motion Sickness,Dramamine,19,9.58,10.0,19,0,0,551,29.0,53.1,100.0
Back Pain,Cymbalta,19,6.89,8.0,13,2,4,789,41.5,105.6,68.4
Bronchitis,Doxycycline,19,5.47,6.0,7,7,5,378,19.9,90.8,36.8
Chronic Fatigue Syndrome,Nuvigil,19,8.0,9.0,17,1,1,943,49.6,89.2,89.5
Clostridial Infection,Metronidazole,19,5.26,5.0,8,4,7,187,9.8,107.5,42.1
Migraine Prevention,Amlodipine,19,8.63,10.0,16,1,2,601,31.6,87.8,84.2
Back Pain,Duloxetine,19,7.26,8.0,14,2,3,723,38.1,99.5,73.7
Nausea/Vomiting,Emetrol,19,9.26,10.0,18,0,1,276,14.5,63.1,94.7
Benign Prostatic Hyperplasia,Avodart,19,7.37,8.0,12,5,2,1517,79.8,59.5,63.2
Condylomata Acuminata,Podofilox,19,7.84,9.0,14,4,1,204,10.7,67.4,73.7
Irritable Bowel Syndrome,Nortriptyline,19,8.74,9.0,17,2,0,528,27.8,101.7,89.5
"Organ Transplant, Rejection Prophylaxis",Tacrolimus,19,8.53,9.0,18,0,1,200,10.5,48.5,94.7
Osteoarthritis,Cymbalta,19,7.16,9.0,13,1,5,1073,56.5,76.4,68.4
Skin or Soft Tissue Infection,Amoxicillin / Clavulanate,19,6.89,8.0,13,1,5,236,12.4,79.8,68.4
Acne,Drospirenone / Ethinyl Estradiol / Levomefolate Calcium,19,7.74,9.0,15,2,2,207,10.9,93.8,78.9
Psoriasis,Enbrel,19,7.84,9.0,14,3,2,254,13.4,80.6,73.7
Psoriasis,Etanercept,19,8.16,9.0,15,2,2,229,12.1,82.8,78.9
Schizoaffective Disorde,Risperidone,19,6.47,6.0,9,8,2,340,17.9,87.8,47.4
Depression,Seroquel,19,7.0,9.0,13,3,3,550,28.9,72.6,68.4
Rheumatoid Arthritis,Remicade,19,8.05,10.0,14,3,2,722,38.0,93.8,73.7
Bipolar Disorde,Lexapro,19,6.89,7.0,12,2,5,623,32.8,61.7,63.2
Hypersomnia,Armodafinil,19,7.0,8.0,12,4,3,288,15.2,106.0,63.2
Gastroparesis,Metoclopramide,19,5.74,7.0,10,2,7,792,41.7,73.9,52.6
Cervical Dystonia,Onabotulinumtoxina,19,6.89,8.0,13,2,4,479,25.2,91.9,68.4
Migraine,Almotriptan,19,8.79,10.0,17,0,2,145,7.6,47.9,89.5
Pain,Avinza,19,8.32,9.0,17,1,1,398,20.9,90.3,89.5
Atrophic Vaginitis,Yuvafem,19,2.32,1.0,2,1,16,259,13.6,75.4,10.5
Prostate Cance,Lupron,19,6.84,8.0,12,3,4,1361,71.6,87.5,63.2
High Blood Pressure,Spironolactone,18,5.78,5.5,8,4,6,885,49.2,78.8,44.4
Osteoarthritis,Supartz,18,5.83,7.0,9,2,7,515,28.6,48.4,50.0
Rheumatoid Arthritis,Infliximab,18,8.28,9.5,14,3,1,613,34.1,94.1,77.8
Bladder Infection,Cipro,18,4.61,2.0,7,1,10,883,49.1,39.6,38.9
Nausea/Vomiting,Lorazepam,18,8.44,10.0,14,2,2,554,30.8,69.1,77.8
ibromyalgia,Mucinex,18,7.72,9.0,15,0,3,1857,103.2,85.1,83.3
Birth Control,Loryna,18,5.67,6.5,9,2,7,61,3.4,102.2,50.0
Erectile Dysfunction,Staxyn,18,9.0,9.0,18,0,0,1448,80.4,60.9,100.0
Chronic Pain,Ultram,18,5.11,4.5,8,2,8,825,45.8,48.1,44.4
"Constipation, Chronic",Lactulose,18,9.06,10.0,17,0,1,815,45.3,83.2,94.4
ADHD,Adzenys Xr-Odt,18,6.28,7.5,10,2,6,152,8.4,94.4,55.6
Epilepsy,Dilantin,18,7.67,9.0,15,0,3,196,10.9,55.7,83.3
Migraine Prevention,Inderal,18,7.94,9.0,15,1,2,731,40.6,77.7,83.3
Gastroenteritis,Zofran,18,9.33,10.0,16,2,0,477,26.5,62.8,88.9
Acne,Beyaz,18,7.72,9.0,15,1,2,173,9.6,96.3,83.3
Human Papillomavirus Prophylaxis,Gardasil,18,6.11,7.0,9,3,6,156,8.7,56.1,50.0
Acne,Epiduo Forte,18,7.28,8.0,13,3,2,74,4.1,119.2,72.2
Parkinson's Disease,Carbidopa / Levodopa,18,6.22,7.0,10,2,6,658,36.6,93.8,55.6
Rheumatoid Arthritis,Acetaminophen / Hydrocodone,18,7.83,9.0,14,1,3,897,49.8,36.6,77.8
Bulimia,Prozac,18,7.78,9.0,14,1,3,1006,55.9,59.7,77.8
Restless Legs Syndrome,Neupro,18,8.11,9.0,15,1,2,436,24.2,102.6,83.3
Birth Control,Gildess Fe 1.5 / 30,18,4.89,3.5,6,3,9,156,8.7,100.3,33.3
Gastroparesis,Reglan,18,6.06,8.0,11,0,7,969,53.8,81.6,61.1
Gastroenteritis,Ondansetron,18,9.11,10.0,15,3,0,392,21.8,68.6,83.3
Acne,Tetracycline,18,8.22,9.0,16,0,2,197,10.9,67.7,88.9
Opiate Withdrawal,Methocarbamol,18,7.89,8.5,15,1,2,2158,119.9,66.2,83.3
Sinus Symptoms,Advil Cold And Sinus,18,8.44,10.0,15,1,2,153,8.5,45.1,83.3
Acne,Sulfacetamide Sodium / Sulfur,18,7.33,9.0,12,2,4,190,10.6,57.3,66.7
Schizophrenia,Geodon,18,7.83,9.0,15,1,2,448,24.9,79.2,83.3
Anxiety,Remeron,18,7.28,8.0,14,0,4,1706,94.8,84.1,77.8
Anxiety,Clorazepate,18,8.83,9.5,16,1,1,848,47.1,76.5,88.9
Urinary Incontinence,Vesicare,18,7.28,8.0,12,4,2,1113,61.8,66.2,66.7
Pain,Nubain,18,8.11,10.0,14,1,3,240,13.3,62.3,77.8
Migraine,Dihydroergotamine,18,7.28,9.0,12,2,4,169,9.4,77.7,66.7
Insomnia,Sominex,18,7.28,8.5,12,5,1,634,35.2,53.8,66.7
Alcohol Withdrawal,Gabapentin,18,8.72,9.0,16,2,0,1178,65.4,74.8,88.9
Cough,Hycodan,18,8.28,9.0,15,3,0,254,14.1,42.6,83.3
Ulcerative Colitis,Prednisone,18,6.78,8.0,11,3,4,340,18.9,86.7,61.1
"Diabetes, Type 2",Linagliptin,18,4.33,3.0,5,3,10,517,28.7,47.4,27.8
Polycystic Ovary Syndrome,Ethinyl Estradiol / Levonorgestrel,18,5.11,5.5,7,5,6,66,3.7,107.9,38.9
Urinary Tract Infection,Levaquin,18,6.44,8.5,10,2,6,713,39.6,57.4,55.6
Peripheral Neuropathy,Neurontin,18,6.83,7.5,11,5,2,1147,63.7,57.3,61.1
Underactive Thyroid,Liothyronine,18,7.17,9.5,12,1,5,1577,87.6,71.7,66.7
Upper Respiratory Tract Infection,Amoxicillin / Clavulanate,18,7.0,9.0,12,1,5,299,16.6,69.7,66.7
Motion Sickness,Bonine,18,8.78,10.0,16,0,2,560,31.1,53.4,88.9
Postmenopausal Symptoms,Conjugated Estrogens,18,8.28,10.0,14,3,1,616,34.2,81.5,77.8
Osteoarthritis,Duloxetine,18,7.17,9.0,13,0,5,959,53.3,78.3,72.2
Bacterial Skin Infection,Bactrim Ds,18,4.56,3.5,6,3,9,378,21.0,88.3,33.3
Hepatitis C,Zepatier,18,8.89,10.0,16,1,1,332,18.4,85.9,88.9
atigue,Amphetamine / Dextroamphetamine,17,8.47,10.0,14,3,0,580,34.1,84.4,82.4
Constipation,Senokot,17,4.88,5.0,6,5,6,391,23.0,79.5,35.3
Kidney Infections,Sulfamethoxazole / Trimethoprim,17,4.29,3.0,5,3,9,151,8.9,79.8,29.4
Bacterial Infection,Moxifloxacin,17,5.41,5.0,8,2,7,166,9.8,71.8,47.1
Panic Disorde,Propranolol,17,8.12,8.0,15,1,1,472,27.8,87.9,88.2
Pain,Stadol,17,8.41,9.0,15,0,2,521,30.6,90.1,88.2
Major Depressive Disorde,Quetiapine,17,6.0,8.0,9,2,6,156,9.2,83.6,52.9
COPD,Symbicort,17,8.71,10.0,14,2,1,937,55.1,35.4,82.4
Nightmares,Prazosin,17,7.53,9.0,13,0,4,596,35.1,67.0,76.5
Obstructive Sleep Apnea/Hypopnea Syndrome,Provigil,17,8.35,9.0,14,3,0,731,43.0,52.7,82.4
Chronic Pain,Percocet,17,8.59,9.0,16,1,0,840,49.4,69.9,94.1
Osteoporosis,Boniva,17,5.82,8.0,9,0,8,1042,61.3,59.1,52.9
Osteoarthritis,Voltaren,17,9.35,9.0,17,0,0,1176,69.2,70.9,100.0
Endometriosis,Zoladex,17,5.71,6.0,8,3,6,403,23.7,98.6,47.1
Borderline Personality Disorde,Lamotrigine,17,8.76,9.0,15,1,1,260,15.3,91.3,88.2
Breast Cance,Femara,17,6.47,7.0,12,2,3,2574,151.4,103.8,70.6
Obsessive Compulsive Disorde,Citalopram,17,7.53,9.0,13,0,4,548,32.2,79.2,76.5
Benign Prostatic Hyperplasia,Uroxatral,17,5.82,6.0,7,6,4,1026,60.4,44.0,41.2
Diarrhea,Lomotil,17,8.0,9.0,14,0,3,775,45.6,74.6,82.4
High Blood Pressure,Aliskiren,17,7.47,9.0,13,1,3,389,22.9,65.9,76.5
GERD,Sucralfate,17,7.12,8.0,12,2,3,850,50.0,89.3,70.6
Obesity,Bontril Slow Release,17,7.35,9.0,12,3,2,1285,75.6,83.5,70.6
"Organ Transplant, Rejection Prophylaxis",Prograf,17,8.53,9.0,16,0,1,263,15.5,37.4,94.1
Shift Work Sleep Disorde,Nuvigil,17,7.59,8.0,13,2,2,369,21.7,89.1,76.5
Tourette's Syndrome,Clonidine,17,6.82,8.0,11,3,3,389,22.9,95.2,64.7
Nasal Congestion,Claritin-D,17,7.53,9.0,11,5,1,455,26.8,63.2,64.7
Birth Control,Desogen,17,6.53,8.0,10,3,4,109,6.4,63.4,58.8
Trigeminal Neuralgia,Gabapentin,17,8.76,10.0,16,0,1,839,49.4,90.4,94.1
Obsessive Compulsive Disorde,Paroxetine,17,7.47,9.0,12,3,2,717,42.2,86.6,70.6
Postpartum Depression,Citalopram,17,7.53,9.0,13,1,3,439,25.8,93.8,76.5
"Breast Cancer, Metastatic",Palbociclib,17,6.76,9.0,12,0,5,545,32.1,96.1,70.6
Hashimoto's disease,Synthroid,17,6.65,9.0,11,0,6,725,42.6,74.3,64.7
Underactive Thyroid,Tirosint,17,6.94,9.0,11,2,4,924,54.4,77.8,64.7
Unknown,Sprintec,17,6.12,7.0,9,3,5,26,1.5,92.3,52.9
Agitated State,Aripiprazole,17,6.06,7.0,9,3,5,450,26.5,71.3,52.9
Seizures,Dilantin,17,7.71,9.0,12,2,3,297,17.5,67.5,70.6
High Blood Pressure,Benicar Hct,17,6.76,8.0,11,2,4,296,17.4,82.4,64.7
Urinary Tract Infection,Amoxicillin,17,7.53,9.0,13,0,4,2724,160.2,59.1,76.5
Unknown,Microgestin Fe 1 / 20,17,6.47,8.0,11,1,5,60,3.5,95.5,64.7
Premenstrual Dysphoric Disorde,Sarafem,17,8.76,10.0,15,0,2,1060,62.4,94.2,88.2
Depression,Brexpiprazole,17,8.24,10.0,13,3,1,398,23.4,78.8,76.5
"Diabetes, Type 1",Insulin Degludec,17,5.24,5.0,7,5,5,229,13.5,99.1,41.2
Chronic Myelogenous Leukemia,Nilotinib,17,7.71,10.0,11,4,2,273,16.1,72.7,64.7
High Blood Pressure,Micardis,17,6.76,8.0,10,4,3,806,47.4,63.5,58.8
High Blood Pressure,Nifedipine,17,5.94,6.0,8,4,5,468,27.5,68.4,47.1
High Blood Pressure,Hydrochlorothiazide / Olmesartan,17,7.29,8.0,12,3,2,274,16.1,75.2,70.6
Actinic Keratosis,Fluorouracil,17,6.94,8.0,12,1,4,422,24.8,101.9,70.6
Acne,Veltin,17,7.65,8.0,13,2,2,181,10.6,90.5,76.5
Unknown,Seasonique,17,6.29,8.0,9,4,4,74,4.4,94.4,52.9
Muscle Spasm,Lorzone,17,5.82,7.0,9,2,6,780,45.9,70.3,52.9
Endometriosis,Goserelin,17,5.82,6.0,8,3,6,355,20.9,93.3,47.1
Urinary Incontinence,Myrbetriq,17,5.71,6.0,8,3,6,811,47.7,65.4,47.1
Menstrual Disorders,Microgestin Fe 1 / 20,17,6.82,7.0,11,3,3,191,11.2,107.6,64.7
Unknown,Ortho Tri-Cyclen Lo,17,7.88,9.0,13,3,1,120,7.1,78.4,76.5
Schizoaffective Disorde,Saphris,17,7.94,9.0,13,2,2,466,27.4,81.2,76.5
"Hypogonadism, Male",Androderm,17,7.12,8.0,12,2,3,545,32.1,65.5,70.6
High Cholesterol,Niaspan,17,5.18,5.0,7,5,5,367,21.6,67.4,41.2
Obstructive Sleep Apnea/Hypopnea Syndrome,Modafinil,17,8.35,9.0,15,2,0,418,24.6,61.0,88.2
Psoriasis,Clobex,17,8.76,10.0,14,2,1,545,32.1,73.7,82.4
Abnormal Uterine Bleeding,Ethinyl Estradiol / Norgestrel,17,5.82,7.0,9,3,5,58,3.4,83.8,52.9
Ovarian Cysts,Sprintec,17,6.53,7.0,9,5,3,146,8.6,91.4,52.9
Depression,Risperidone,17,6.47,8.0,11,2,4,604,35.5,73.0,64.7
Rheumatoid Arthritis,Abatacept,17,7.18,9.0,12,1,4,958,56.4,79.0,70.6
Depression,Nortriptyline,17,6.88,8.0,12,1,4,525,30.9,89.4,70.6
Asthma,Dulera,17,5.82,7.0,9,3,5,318,18.7,68.8,52.9
Acne,Azelaic Acid,16,8.31,9.0,13,2,1,311,19.4,80.6,81.2
ibromyalgia,Metaxalone,16,8.31,9.0,14,2,0,640,40.0,47.1,87.5
Rheumatoid Arthritis,Naproxen,16,6.69,7.0,9,6,1,632,39.5,45.8,56.2
ADHD,Modafinil,16,8.75,10.0,15,0,1,818,51.1,102.2,93.8
Anxiety and Stress,Luvox,16,5.62,6.5,8,3,5,893,55.8,92.4,50.0
Depression,Nefazodone,16,8.94,10.0,14,1,1,447,27.9,84.4,87.5
Edema,Lasix,16,7.25,8.0,10,5,1,1356,84.8,67.5,62.5
Tendonitis,Meloxicam,16,6.94,8.5,10,2,4,816,51.0,50.2,62.5
Tendonitis,Naproxen,16,5.94,7.5,9,2,5,326,20.4,61.8,56.2
Benign Prostatic Hyperplasia,Terazosin,16,7.19,8.5,11,1,4,481,30.1,59.7,68.8
Arrhythmia,Amiodarone,16,5.44,6.0,8,3,5,816,51.0,70.9,50.0
Headache,Acetaminophen / Butalbital / Caffeine / Codeine,16,9.38,10.0,16,0,0,168,10.5,57.2,100.0
Acute Coronary Syndrome,Ticagrelor,16,5.0,5.0,5,6,5,277,17.3,73.3,31.2
Schizoaffective Disorde,Lurasidone,16,9.12,9.0,15,1,0,362,22.6,89.0,93.8
Bacterial Infection,Bactrim,16,4.25,3.5,5,3,8,228,14.2,83.7,31.2
Back Pain,Nabumetone,16,6.06,8.0,10,0,6,658,41.1,58.7,62.5
Back Pain,Ultram,16,8.06,9.0,13,1,2,1537,96.1,62.8,81.2
Bacterial Infection,Ceftriaxone,16,8.62,9.5,14,1,1,235,14.7,72.5,87.5
Panic Disorde,Effexor Xr,16,7.75,9.0,12,2,2,597,37.3,85.0,75.0
Depression,Rexulti,16,7.44,8.5,11,4,1,476,29.8,81.5,68.8
Bronchitis,Mucinex,16,7.62,8.5,12,2,2,1467,91.7,46.4,75.0
Schizophrenia,Clozapine,16,8.81,9.5,15,0,1,1079,67.4,78.6,93.8
Hypertriglyceridemia,Fenofibrate,16,6.38,9.0,9,2,5,626,39.1,38.8,56.2
High Cholesterol,Evolocumab,16,6.81,8.5,10,2,4,391,24.4,87.9,62.5
Sciatica,Flexeril,16,6.38,7.0,9,3,4,1026,64.1,47.9,56.2
Schizophrenia,Zyprexa,16,6.56,8.0,11,1,4,624,39.0,56.8,68.8
High Blood Pressure,Bisoprolol / Hydrochlorothiazide,16,5.44,7.0,10,0,6,148,9.2,53.9,62.5
Chronic Myelogenous Leukemia,Gleevec,16,8.81,9.5,14,1,1,433,27.1,72.4,87.5
Narcolepsy,Dextroamphetamine,16,9.0,9.5,15,1,0,554,34.6,95.4,93.8
Irritable Bowel Syndrome,Atropine / Hyoscyamine / Phenobarbital / Scopolamine,16,8.94,10.0,15,0,1,489,30.6,63.5,93.8
Insulin Resistance Syndrome,Metformin,16,7.69,9.0,12,1,3,1181,73.8,81.9,75.0
Insomnia,Remeron,16,7.25,8.0,10,4,2,1150,71.9,62.1,62.5
ADHD,Desoxyn,16,9.56,10.0,16,0,0,1343,83.9,79.6,100.0
GERD,Zantac 150,16,7.88,9.0,13,0,3,726,45.4,78.8,81.2
Abnormal Uterine Bleeding,Megestrol,16,6.5,8.0,10,2,4,437,27.3,94.2,62.5
Osteoporosis,Alendronate,16,3.06,1.0,3,1,12,1879,117.4,81.2,18.8
Nasal Congestion,Xylometazoline,16,7.56,9.5,12,0,4,106,6.6,35.7,75.0
"Onychomycosis, Toenail",Kerydin,16,4.69,2.0,7,0,9,199,12.4,72.3,43.8
Cyclic Vomiting Syndrome,Amitriptyline,16,9.12,10.0,15,1,0,287,17.9,104.6,93.8
Osteoporosis,Risedronate,16,4.06,3.0,4,3,9,956,59.8,36.7,25.0
Urticaria,Allegra,16,8.62,9.5,14,0,2,597,37.3,62.3,87.5
Muscle Spasm,Orphenadrine,16,8.0,9.0,12,2,2,611,38.2,68.2,75.0
Chronic Myelogenous Leukemia,Imatinib,16,8.75,9.0,14,1,1,370,23.1,85.5,87.5
Pain,Fentanyl Transdermal System,16,8.44,9.0,14,2,0,812,50.8,95.6,87.5
Unknown,Levora,16,5.62,6.0,7,5,4,74,4.6,82.2,43.8
Overactive Bladde,Trospium,16,7.06,8.0,11,2,3,448,28.0,63.9,68.8
Dental Abscess,Amoxicillin,16,5.31,5.5,7,3,6,328,20.5,64.8,43.8
Opioid-Induced Constipation,Movantik,16,5.88,7.5,9,1,6,110,6.9,114.5,56.2
Insomnia,Elavil,16,7.94,9.0,13,2,1,1597,99.8,43.8,81.2
Autism,Abilify,16,7.19,8.0,11,3,2,983,61.4,81.6,68.8
Irritable Bowel Syndrome,Alosetron,16,9.69,10.0,16,0,0,322,20.1,65.4,100.0
Pseudotumor Cerebri,Diamox,16,6.81,8.5,9,3,4,372,23.2,98.3,56.2
GERD,Prilosec,16,7.31,8.0,11,3,2,850,53.1,66.3,68.8
Cluster Headaches,Imitrex,16,8.88,9.5,15,0,1,267,16.7,62.6,93.8
Osteoarthritis,Arthrotec,16,8.88,9.5,15,1,0,975,60.9,86.4,93.8
Hemorrhoids,Proctofoam,16,9.75,10.0,16,0,0,219,13.7,58.1,100.0
Seizures,Oxcarbazepine,16,6.75,8.0,10,3,3,298,18.6,89.2,62.5
Crohn's Disease,Mesalamine,16,7.81,9.0,13,0,3,148,9.2,33.2,81.2
Post Traumatic Stress Disorde,Mirtazapine,16,6.88,8.0,12,1,3,328,20.5,97.6,75.0
Diverticulitis,Ciprofloxacin,15,5.4,5.0,6,4,5,483,32.2,66.0,40.0
Chronic Pain,Embeda,15,5.13,5.0,7,2,6,359,23.9,94.7,46.7
"Gout, Acute",Colcrys,15,8.33,10.0,13,0,2,410,27.3,58.9,86.7
Unknown,Etonogestrel,15,5.2,4.0,5,5,5,30,2.0,92.9,33.3
Strep Throat,Augmentin,15,7.6,10.0,11,1,3,361,24.1,66.2,73.3
"Hypogonadism, Male",Fortesta,15,7.2,9.0,11,1,3,446,29.7,93.9,73.3
"Asthma, Maintenance",Fluticasone,15,6.67,8.0,8,4,3,238,15.9,54.7,53.3
Restless Legs Syndrome,Carbidopa / Levodopa,15,7.87,8.0,12,2,1,450,30.0,81.3,80.0
Mania,Divalproex Sodium,15,7.33,8.0,11,3,1,698,46.5,54.2,73.3
Peripheral Neuropathy,Duloxetine,15,5.87,6.0,7,3,5,504,33.6,78.7,46.7
Depression,Lithium,15,5.87,7.0,8,1,6,419,27.9,89.5,53.3
Schizoaffective Disorde,Asenapine,15,8.47,9.0,13,1,1,441,29.4,89.3,86.7
Helicobacter Pylori Infection,Clarithromycin,15,6.0,6.0,7,6,2,158,10.5,84.3,46.7
Nausea/Vomiting,Phosphorated Carbohydrate Solution,15,8.73,10.0,13,1,1,197,13.1,65.5,86.7
COPD,Umeclidinium / Vilanterol,15,9.27,10.0,14,0,1,614,40.9,65.9,93.3
Human Papillomavirus Prophylaxis,Human Papillomavirus Vaccine,15,6.87,8.0,9,2,4,141,9.4,61.5,60.0
ibromyalgia,Naltrexone,15,7.53,9.0,12,1,2,830,55.3,79.3,80.0
Hot Flashes,Effexor Xr,15,8.8,9.0,14,0,1,1611,107.4,86.7,93.3
Cold Sores,Famciclovir,15,8.67,9.0,14,0,1,280,18.7,97.0,93.3
Pain,Propoxyphene,15,8.0,9.0,12,1,2,93,6.2,50.4,80.0
Major Depressive Disorde,Paroxetine,15,6.53,7.0,9,4,2,204,13.6,82.2,60.0
Tonsillitis/Pharyngitis,Clarithromycin,15,5.93,8.0,8,3,4,126,8.4,96.9,53.3
Stomach Ulce,Pantoprazole,15,6.8,9.0,10,1,4,594,39.6,48.4,66.7
Anxiety,Chlordiazepoxide,15,8.2,10.0,12,1,2,412,27.5,55.7,80.0
Migraine,Caffeine / Ergotamine,15,9.0,10.0,13,2,0,122,8.1,77.9,86.7
Underactive Thyroid,Nature-Throid,15,6.73,9.0,10,0,5,1354,90.3,64.4,66.7
Malaria Prevention,Malarone,15,6.2,8.0,9,1,5,178,11.9,68.9,60.0
Skin or Soft Tissue Infection,Augmentin,15,7.0,8.0,11,2,2,242,16.1,74.1,73.3
"Breast Cancer, Metastatic",Ibrance,15,7.07,9.0,11,0,4,516,34.4,99.9,73.3
Bipolar Disorde,Paliperidone,15,6.93,8.0,10,2,3,336,22.4,91.8,66.7
Birth Control,Ashlyna,15,4.13,3.0,4,2,9,25,1.7,89.2,26.7
Migraine,Cyclobenzaprine,15,6.13,7.0,9,1,5,459,30.6,50.8,60.0
Seizures,Zonegran,15,7.93,9.0,13,0,2,583,38.9,64.6,86.7
"Diabetes, Type 2",Lantus,15,6.93,8.0,9,2,4,391,26.1,74.5,60.0
"COPD, Maintenance",Advair Diskus,15,6.73,7.0,9,3,3,312,20.8,49.9,60.0
Opiate Withdrawal,Methadose,15,8.6,9.0,12,3,0,831,55.4,63.3,80.0
Eczema,Elidel,15,8.13,9.0,11,4,0,305,20.3,59.6,73.3
Migraine,Neurontin,15,8.47,9.0,13,2,0,723,48.2,68.8,86.7
Osteoarthritis,Diclofenac / Misoprostol,15,7.73,9.0,10,4,1,773,51.5,75.9,66.7
Schizoaffective Disorde,Risperdal,15,6.73,6.0,5,10,0,406,27.1,87.3,33.3
Cough and Nasal Congestion,Brompheniramine / Dextromethorphan / Pseudoephedrine,15,6.0,9.0,9,0,6,109,7.3,49.3,60.0
Reflex Sympathetic Dystrophy Syndrome,Gabapentin,15,6.4,7.0,8,4,3,117,7.8,73.2,53.3
Peripheral Neuropathy,Pregabalin,15,7.6,8.0,12,1,2,284,18.9,86.7,80.0
Allergic Urticaria,Hydroxyzine,15,5.93,7.0,8,1,6,453,30.2,90.9,53.3
Multiple Sclerosis,Rebif,15,6.73,8.0,11,1,3,247,16.5,97.8,73.3
Opioid-Induced Constipation,Naloxegol,15,4.73,3.0,7,0,8,101,6.7,94.4,46.7
Depression,Emsam,15,8.53,9.0,14,1,0,958,63.9,94.1,93.3
Obsessive Compulsive Disorde,Paxil,15,8.0,9.0,13,0,2,947,63.1,97.4,86.7
Post Traumatic Stress Disorde,Paxil,15,6.53,9.0,10,0,5,373,24.9,59.8,66.7
Atrial Fibrillation,Rivaroxaban,15,5.47,7.0,8,0,7,678,45.2,69.3,53.3
Acne,Loryna,15,5.8,6.0,7,3,5,51,3.4,120.7,46.7
Urinary Tract Infection,Doxycycline,15,6.93,10.0,9,2,4,721,48.1,57.8,60.0
Atrophic Vaginitis,Vagifem,15,7.67,9.0,10,4,1,666,44.4,52.1,66.7
Myasthenia Gravis,Pyridostigmine,15,7.13,8.0,10,3,2,431,28.7,66.7,66.7
Acne,Bactrim Ds,15,8.53,9.0,13,2,0,227,15.1,93.7,86.7
Bowel Preparation,Golytely,15,6.4,7.0,9,1,5,284,18.9,71.4,60.0
Erectile Dysfunction,Muse,15,5.2,4.0,7,1,7,793,52.9,52.2,46.7
Urinary Tract Infection,Rocephin,15,9.33,10.0,14,1,0,448,29.9,70.3,93.3
Eczema,Desonide,15,9.53,10.0,15,0,0,340,22.7,46.7,100.0
Urinary Tract Infection,Amoxicillin / Clavulanate,15,4.8,4.0,5,3,7,381,25.4,90.3,33.3
Endometriosis,Lupron,14,4.64,3.0,6,1,7,304,21.7,109.4,42.9
ibromyalgia,Elavil,14,5.79,6.0,6,5,3,832,59.4,61.6,42.9
Epilepsy,Lamotrigine,14,7.64,8.5,10,2,2,69,4.9,90.6,71.4
Opiate Withdrawal,Catapres,14,8.43,9.0,13,1,0,1326,94.7,42.6,92.9
"COPD, Maintenance",Fluticasone / Salmeterol,14,7.07,8.0,9,2,3,202,14.4,57.5,64.3
ibromyalgia,Topamax,14,5.5,7.0,7,1,6,664,47.4,61.6,50.0
Vitamin/Mineral Supplementation and Deficiency,Multivitamin With Minerals,14,5.71,7.0,7,2,5,101,7.2,59.9,50.0
Birth Control,Necon 1 / 35,14,6.36,8.0,8,2,4,166,11.9,88.2,57.1
Alopecia,Spironolactone,14,8.21,8.0,11,3,0,1109,79.2,94.7,78.6
"Diabetes, Type 2",Insulin Degludec,14,6.5,7.5,8,2,4,181,12.9,48.6,57.1
Insomnia,Chloral Hydrate,14,8.21,9.0,11,2,1,139,9.9,50.1,78.6
Post Traumatic Stress Disorde,Asenapine,14,8.57,9.0,13,0,1,242,17.3,97.1,92.9
Post Traumatic Stress Disorde,Paroxetine,14,7.21,9.0,10,1,3,307,21.9,60.9,71.4
Post Traumatic Stress Disorde,Risperidone,14,6.86,8.0,8,3,3,314,22.4,73.8,57.1
High Blood Pressure,Candesartan,14,4.64,4.0,6,1,7,350,25.0,26.7,42.9
Acne,Onexton,14,8.36,10.0,12,0,2,125,8.9,112.1,85.7
Postmenopausal Symptoms,Angeliq,14,7.57,9.5,10,1,3,378,27.0,81.0,71.4
Anesthesia,Diprivan,14,8.5,10.0,12,0,2,428,30.6,61.6,85.7
Acne,Microgestin Fe 1 / 20,14,4.29,3.0,4,2,8,125,8.9,83.6,28.6
"Conjunctivitis, Allergic",Lastacaft,14,6.07,9.5,8,0,6,262,18.7,72.6,57.1
Meniere's Disease,Diazepam,14,9.71,10.0,14,0,0,514,36.7,84.9,100.0
High Blood Pressure,Propranolol,14,6.57,8.5,9,1,4,415,29.6,58.9,64.3
Systemic Lupus Erythematosus,Benlysta,14,8.07,9.0,11,2,1,311,22.2,94.4,78.6
Hypertriglyceridemia,Icosapent,14,9.07,10.0,13,0,1,397,28.4,66.8,92.9
Depression,Niacin,14,9.86,10.0,14,0,0,1178,84.1,100.5,100.0
Rheumatoid Arthritis,Celebrex,14,8.43,9.0,13,0,1,838,59.9,47.6,92.9
Migraine,Cambia,14,8.93,10.0,13,0,1,368,26.3,63.0,92.9
Eczema,Pimecrolimus,14,7.5,8.5,9,4,1,240,17.1,58.1,64.3
Primary Immunodeficiency Syndrome,Immune Globulin Subcutaneous,14,6.86,8.5,9,2,3,120,8.6,64.9,64.3
"Diabetes, Type 2",Levemir,14,7.0,9.0,8,3,3,240,17.1,46.7,57.1
Pain,Acetaminophen / Caffeine / Dihydrocodeine,14,8.36,9.5,12,1,1,84,6.0,49.1,85.7
Migraine,Amerge,14,9.36,10.0,14,0,0,227,16.2,63.5,100.0
Sinusitis,Bactrim Ds,14,4.93,4.5,4,5,5,191,13.6,54.4,28.6
Autism,Aripiprazole,14,6.5,7.0,8,3,3,787,56.2,85.7,57.1
High Blood Pressure,Hyzaar,14,7.07,9.0,10,0,4,635,45.4,50.5,71.4
Otitis Media,Amoxicillin / Clavulanate,14,4.5,3.0,4,3,7,125,8.9,50.7,28.6
Dermatitis,Triamcinolone,14,9.93,10.0,14,0,0,302,21.6,39.4,100.0
Rosacea,Minocycline,14,8.36,10.0,11,1,2,238,17.0,63.1,78.6
High Blood Pressure,Lotrel,14,6.29,6.0,5,7,2,471,33.6,32.7,35.7
Seasonal Allergic Conjunctivitis,Pataday,14,6.86,8.0,9,1,4,151,10.8,57.0,64.3
Schizophrenia,Seroquel,14,5.71,7.5,8,1,5,320,22.9,113.4,57.1
High Blood Pressure,Hydrochlorothiazide / Valsartan,14,6.71,8.0,8,4,2,465,33.2,53.2,57.1
"Diabetes, Type 2",Insulin Detemir,14,7.07,8.5,8,4,2,171,12.2,47.0,57.1
Schizoaffective Disorde,Seroquel,14,7.36,9.0,9,3,2,338,24.1,68.8,64.3
Upper Respiratory Tract Infection,Doxycycline,14,5.79,5.0,6,5,3,543,38.8,57.6,42.9
Malaria Prevention,Atovaquone / Proguanil,14,5.57,7.5,8,0,6,177,12.6,67.7,57.1
Heart Failure,Coreg,14,9.71,10.0,14,0,0,605,43.2,48.3,100.0
Pain,Zipsor,14,8.07,9.0,12,0,2,359,25.6,65.7,85.7
Barrett's Esophagus,Esomeprazole,14,8.71,10.0,11,3,0,453,32.4,44.5,78.6
Skin or Soft Tissue Infection,Doxycycline,14,7.21,8.5,10,2,2,232,16.6,70.2,71.4
Hemorrhoids,Pramoxine,14,9.57,10.0,13,1,0,133,9.5,48.4,92.9
Allergic Rhinitis,Claritin,14,3.57,3.0,3,2,9,297,21.2,28.4,21.4
Hashimoto's disease,Tirosint,14,8.93,10.0,13,0,1,852,60.9,97.4,92.9
Smoking Cessation,Nicotrol Inhaler,14,8.07,10.0,11,1,2,488,34.9,88.3,78.6
High Blood Pressure,Tribenzor,14,7.36,8.0,10,3,1,179,12.8,64.4,71.4
Allergic Rhinitis,Drixoral Cold And Allergy,14,9.93,10.0,14,0,0,172,12.3,35.0,100.0
Smoking Cessation,Commit,14,8.93,9.0,14,0,0,170,12.1,81.6,100.0
Back Pain,Voltaren,14,8.79,9.5,12,2,0,432,30.9,46.0,85.7
Neuralgia,Nortriptyline,14,8.14,8.0,12,2,0,462,33.0,78.3,85.7
Constipation,Fleet Enema,14,9.21,10.0,13,1,0,192,13.7,66.9,92.9
ibromyalgia,Skelaxin,14,8.14,9.0,12,2,0,631,45.1,46.4,85.7
Rheumatoid Arthritis,Mobic,14,6.86,8.0,10,1,3,778,55.6,42.0,71.4
Non-Small Cell Lung Cance,Nivolumab,14,5.36,4.5,7,0,7,297,21.2,94.6,50.0
Rheumatoid Arthritis,Arava,14,6.36,7.5,9,2,3,1379,98.5,60.4,64.3
Ulcerative Colitis,Humira,14,6.14,8.0,8,1,5,315,22.5,90.2,57.1
Migraine Prevention,Depakote Er,13,6.92,8.0,9,2,2,353,27.2,84.1,69.2
ibromyalgia,Desvenlafaxine,13,8.15,9.0,11,1,1,252,19.4,86.0,84.6
High Cholesterol,Vytorin,13,7.62,9.0,9,1,3,382,29.4,38.8,69.2
Depression,Symbyax,13,8.85,9.0,12,1,0,435,33.5,76.6,92.3
Hirsutism,Spironolactone,13,7.46,8.0,10,1,2,600,46.2,107.4,76.9
Oophorectomy,Estradiol,13,6.54,8.0,8,2,3,245,18.8,77.6,61.5
Diarrhea,Loperamide,13,8.38,10.0,11,0,2,175,13.5,30.2,84.6
ADHD,Evekeo,13,7.54,8.0,10,2,1,142,10.9,67.5,76.9
Rheumatoid Arthritis,Tocilizumab,13,8.08,9.0,11,2,0,543,41.8,104.3,84.6
Insomnia,Ativan,13,8.31,9.0,12,0,1,1498,115.2,55.8,92.3
Insomnia,Flurazepam,13,8.92,9.0,11,2,0,353,27.2,88.0,84.6
Depression,Armodafinil,13,6.85,8.0,8,2,3,375,28.8,76.9,61.5
Atrial Fibrillation,Rythmol Sr,13,9.38,10.0,13,0,0,541,41.6,57.8,100.0
Alzheimer's Disease,Aricept,13,5.15,4.0,6,2,5,1404,108.0,67.8,46.2
"Diabetes, Type 1",Tresiba,13,4.38,3.0,4,2,7,203,15.6,107.6,30.8
Obsessive Compulsive Disorde,Quetiapine,13,8.69,10.0,12,0,1,328,25.2,58.8,92.3
Postmenopausal Symptoms,Estradiol / Levonorgestrel,13,4.54,5.0,4,3,6,80,6.2,62.7,30.8
Borderline Personality Disorde,Seroquel,13,7.46,8.0,10,2,1,561,43.2,87.7,76.9
Light Anesthesia,Midazolam,13,4.69,1.0,5,1,7,129,9.9,75.1,38.5
Hypertriglyceridemia,Vascepa,13,8.77,10.0,11,1,1,359,27.6,50.5,84.6
Seasonal Allergic Conjunctivitis,Patanol,13,8.31,10.0,10,2,1,187,14.4,48.5,76.9
Multiple Sclerosis,Modafinil,13,9.23,9.0,12,1,0,471,36.2,83.7,92.3
Chronic Myelogenous Leukemia,Tasigna,13,8.23,10.0,9,3,1,297,22.8,65.3,69.2
Multiple Sclerosis,Provigil,13,9.54,10.0,13,0,0,561,43.2,86.2,100.0
Bipolar Disorde,Effexor,13,8.0,9.0,11,0,2,363,27.9,35.7,84.6
Headache,Aspirin / Butalbital / Caffeine,13,9.31,10.0,12,1,0,196,15.1,57.0,92.3
Irritable Bowel Syndrome,Lotronex,13,9.69,10.0,13,0,0,280,21.5,77.5,100.0
Narcolepsy,Ritalin,13,8.0,9.0,11,1,1,771,59.3,82.1,84.6
"Diabetes, Type 1",Insulin Glargine,13,4.85,4.0,5,2,6,178,13.7,67.3,38.5
"Asthma, Maintenance",Albuterol,13,6.38,8.0,9,1,3,146,11.2,41.5,69.2
Emergency Contraception,My Way,13,8.23,9.0,11,0,2,84,6.5,88.9,84.6
GERD,Zantac,13,7.23,8.0,10,1,2,568,43.7,59.0,76.9
Upper Respiratory Tract Infection,Augmentin,13,6.23,9.0,8,0,5,280,21.5,73.1,61.5
Migraine,Migranal,13,7.08,8.0,9,1,3,189,14.5,83.0,69.2
Shift Work Sleep Disorde,Modafinil,13,8.15,9.0,11,0,2,411,31.6,78.2,84.6
Bronchitis,Biaxin,13,5.08,6.0,6,1,6,422,32.5,60.5,46.2
Skin or Soft Tissue Infection,Keflex,13,7.54,9.0,10,0,3,605,46.5,40.2,76.9
Atrial Fibrillation,Xarelto,13,5.31,7.0,7,0,6,624,48.0,70.0,53.8
Postmenopausal Symptoms,Femring,13,8.15,10.0,11,0,2,211,16.2,69.9,84.6
Postmenopausal Symptoms,Premarin,13,8.69,10.0,11,1,1,669,51.5,89.8,84.6
Insomnia,Halcion,13,9.31,9.0,13,0,0,461,35.5,36.9,100.0
Precocious Puberty,Leuprolide,13,6.92,8.0,9,2,2,257,19.8,94.7,69.2
Prostatitis,Cipro,13,3.92,3.0,3,2,8,286,22.0,63.5,23.1
Acute Coronary Syndrome,Effient,13,7.54,9.0,9,3,1,302,23.2,58.1,69.2
Unknown,Lo Loestrin Fe,13,5.46,7.0,7,1,5,82,6.3,94.8,53.8
Insomnia,Acetaminophen / Diphenhydramine,13,6.38,8.0,8,1,4,305,23.5,52.2,61.5
Premenstrual Dysphoric Disorde,Gianvi,13,7.0,8.0,9,1,3,141,10.8,89.6,69.2
Headache,Ibuprofen,13,8.31,10.0,11,0,2,92,7.1,35.2,84.6
Panic Disorde,Xanax Xr,13,9.08,10.0,12,0,1,517,39.8,93.1,92.3
Barrett's Esophagus,Nexium,13,8.54,9.0,10,3,0,466,35.8,40.1,76.9
High Cholesterol,Alirocumab,13,6.15,7.0,7,2,4,273,21.0,71.2,53.8
Insomnia,Klonopin,13,9.08,10.0,12,0,1,1229,94.5,94.7,92.3
Depression,Fluoxetine / Olanzapine,13,9.15,9.0,13,0,0,398,30.6,81.3,100.0
"High Cholesterol, Familial Heterozygous",Evolocumab,13,7.92,10.0,9,2,2,286,22.0,65.2,69.2
Renal Cell Carcinoma,Sutent,13,7.46,9.0,10,0,3,674,51.8,66.5,76.9
Allergic Rhinitis,Dexbrompheniramine / Pseudoephedrine,13,9.85,10.0,13,0,0,155,11.9,38.2,100.0
Schizophrenia,Invega Sustenna,13,6.62,8.0,8,2,3,208,16.0,66.9,61.5
Restless Legs Syndrome,Horizant,13,7.69,9.0,9,2,2,459,35.3,63.8,69.2
"Herpes Simplex, Suppression",Acyclovir,13,9.31,9.0,13,0,0,461,35.5,72.6,100.0
"Ischemic Stroke, Prophylaxis",Aggrenox,13,6.46,8.0,8,1,4,433,33.3,56.5,61.5
Autism,Risperdal,13,4.31,4.0,3,4,6,794,61.1,62.7,23.1
Bacterial Infection,Rocephin,13,8.54,10.0,11,1,1,171,13.2,71.5,84.6
Bacterial Infection,Levaquin,13,5.92,5.0,6,2,5,285,21.9,57.2,46.2
Pain,Roxicet,13,8.0,9.0,10,1,2,251,19.3,55.0,76.9
Major Depressive Disorde,Wellbutrin Sr,13,7.69,9.0,10,1,2,422,32.5,87.8,76.9
Barrett's Esophagus,Dexlansoprazole,13,8.77,10.0,12,0,1,349,26.8,66.0,92.3
Human Papilloma Virus,Aldara,13,7.77,9.0,10,1,2,407,31.3,101.8,76.9
Hot Flashes,Fluoxetine,13,8.0,9.0,11,0,2,356,27.4,87.8,84.6
Systemic Lupus Erythematosus,Belimumab,13,8.08,9.0,10,3,0,269,20.7,88.2,76.9
Ulcerative Colitis,Azathioprine,13,6.85,7.0,9,2,2,282,21.7,70.8,69.2
COPD,Anoro Ellipta,13,9.62,10.0,13,0,0,561,43.2,67.9,100.0
COPD,Breo Ellipta,13,7.77,10.0,10,0,3,532,40.9,51.8,76.9
COPD,Fluticasone / Vilanterol,13,6.77,10.0,8,0,5,494,38.0,58.1,61.5
Bronchitis,Augmentin,13,8.85,10.0,12,0,1,425,32.7,42.7,92.3
Constipation,Correctol,13,4.92,5.0,4,4,5,147,11.3,64.3,30.8
Migraine Prevention,Atenolol,13,8.85,10.0,11,2,0,376,28.9,62.5,84.6
Major Depressive Disorde,Paxil,13,9.0,10.0,13,0,0,350,26.9,89.8,100.0
Benign Prostatic Hyperplasia,Doxazosin,13,7.54,9.0,10,1,2,509,39.2,60.6,76.9
Urinary Tract Infection,Ceftriaxone,13,9.31,10.0,12,1,0,336,25.8,69.2,92.3
Acne,Junel Fe 1 / 20,13,5.92,7.0,8,1,4,130,10.0,112.7,61.5
Otitis Media,Augmentin,13,4.92,4.0,4,4,5,139,10.7,51.0,30.8
Otitis Media,Ciprodex,13,7.23,8.0,9,2,2,207,15.9,38.9,69.2
"Nausea/Vomiting, Chemotherapy Induced",Dronabinol,12,8.42,9.0,11,0,1,327,27.2,68.7,91.7
mulation) (phenylephrine),Phenylephrine,12,6.0,9.0,7,0,5,56,4.7,44.1,58.3
Epilepsy,Depakote Er,12,7.75,8.0,10,1,1,157,13.1,59.2,83.3
ADHD,Kapvay,12,7.83,8.5,10,1,1,983,81.9,119.2,83.3
Vaginal Yeast Infection,Monistat 1-Day Or Night Combination Pack,12,1.42,1.0,0,0,12,87,7.2,78.3,0.0
Abnormal Uterine Bleeding,Trinessa,12,5.83,7.0,7,1,4,52,4.3,103.4,58.3
GERD,Zegerid,12,7.83,9.5,9,1,2,230,19.2,89.8,75.0
Birth Control,Nortrel 1 / 35,12,4.83,4.0,4,4,4,35,2.9,108.2,33.3
Allergic Rhinitis,Astepro,12,8.75,9.5,11,0,1,228,19.0,41.0,91.7
Surgical Prophylaxis,Clindamycin,12,4.83,4.0,5,2,5,77,6.4,81.6,41.7
Systemic Lupus Erythematosus,Plaquenil,12,7.5,8.5,9,1,2,839,69.9,81.2,75.0
"Diarrhea, Chronic",Welchol,12,9.75,10.0,12,0,0,1208,100.7,83.9,100.0
Heart Attack,Plavix,12,9.0,10.0,11,0,1,1332,111.0,70.2,91.7
Benign Prostatic Hyperplasia,Jalyn,12,6.0,6.5,6,2,4,518,43.2,33.9,50.0
Pain,Naloxone / Pentazocine,12,6.58,8.0,9,0,3,358,29.8,65.3,75.0
"Conjunctivitis, Allergic",Bepreve,12,6.67,9.0,7,1,4,59,4.9,46.3,58.3
Menstrual Disorders,Gianvi,12,5.42,5.0,5,3,4,65,5.4,100.2,41.7
Menstrual Disorders,Junel Fe 1 / 20,12,4.25,4.0,2,4,6,43,3.6,122.8,16.7
Nausea/Vomiting,Diphenhydramine,12,7.0,9.0,8,1,3,380,31.7,44.0,66.7
Tonsillitis/Pharyngitis,Amoxicillin,12,7.75,8.5,8,4,0,283,23.6,52.9,66.7
Ulcerative Colitis,Adalimumab,12,6.0,8.5,7,0,5,295,24.6,107.0,58.3
Pain,Trolamine Salicylate,12,8.5,10.0,11,0,1,288,24.0,56.2,91.7
"Constipation, Drug Induced",Amitiza,12,5.83,7.0,6,1,5,309,25.8,90.6,50.0
Constipation,Docusate,12,6.67,7.5,7,3,2,386,32.2,59.2,58.3
Major Depressive Disorde,Trazodone,12,7.0,8.5,9,0,3,326,27.2,71.6,75.0
"Conjunctivitis, Allergic",Alcaftadine,12,6.75,10.0,8,0,4,185,15.4,68.4,66.7
Social Anxiety Disorde,Effexor Xr,12,8.08,9.5,9,1,2,526,43.8,67.8,75.0
Social Anxiety Disorde,Venlafaxine,12,8.42,9.5,10,1,1,204,17.0,62.5,83.3
Bacterial Infection,Avelox,12,5.83,8.0,7,0,5,146,12.2,70.4,58.3
Light Sedation,Midazolam,12,6.25,9.0,7,0,5,137,11.4,70.9,58.3
Light Sedation,Versed,12,4.83,2.0,5,0,7,144,12.0,75.2,41.7
Labor Pain,Butorphanol,12,7.42,10.0,8,1,3,52,4.3,72.8,66.7
Back Pain,Vicodin,12,6.75,8.5,7,2,3,480,40.0,51.8,58.3
Heart Failure,Sacubitril / Valsartan,12,4.75,4.5,4,3,5,418,34.8,89.3,33.3
Migraine,Imitrex Statdose,12,8.17,9.5,9,2,1,32,2.7,60.6,75.0
Unknown,Trinessa,12,4.58,5.0,3,4,5,25,2.1,100.6,25.0
Unknown,Yaz,12,6.58,7.5,7,3,2,43,3.6,96.2,58.3
Alcohol Dependence,Vivitrol,12,8.5,9.0,11,0,1,1197,99.8,76.2,91.7
Lactose Intolerance,Lactase,12,4.33,2.0,4,1,7,105,8.8,53.8,33.3
Hemorrhoids,Hydrocortisone / Pramoxine,12,8.0,10.0,9,1,2,224,18.7,48.8,75.0
High Blood Pressure,Azilsartan Medoxomil,12,5.75,6.0,6,1,5,170,14.2,80.0,50.0
Skin or Soft Tissue Infection,Clarithromycin,12,3.75,2.5,3,3,6,27,2.2,92.4,25.0
"Diabetes, Type 2",Tresiba,12,7.25,10.0,8,1,3,182,15.2,41.2,66.7
Sinusitis,Biaxin,12,6.58,8.0,7,2,3,425,35.4,68.5,58.3
Pneumococcal Disease Prophylaxis,Pneumococcal 13-Valent Vaccine,12,4.17,3.5,3,3,6,39,3.2,84.3,25.0
Pneumonia,Rocephin,12,8.75,10.0,10,1,1,255,21.2,73.2,83.3
Birth Control,Vienva,12,4.83,3.0,5,1,6,37,3.1,94.3,41.7
Osteoarthritis,Capsaicin,12,6.0,8.0,7,1,4,262,21.8,64.5,58.3
Birth Control,Azurette,12,6.75,8.0,9,0,3,59,4.9,75.7,75.0
Pain,Capsaicin,12,6.75,8.5,8,1,3,204,17.0,78.9,66.7
Dysuria,Uricalm,12,6.92,10.0,8,0,4,203,16.9,65.8,66.7
Unknown,Jolessa,12,4.92,5.0,3,4,5,30,2.5,77.2,25.0
Acute Coronary Syndrome,Brilinta,12,3.67,3.0,3,2,7,204,17.0,72.2,25.0
Overactive Bladde,Detrol,12,7.33,9.0,7,4,1,407,33.9,36.4,58.3
Postmenopausal Symptoms,Climara Pro,12,4.83,5.0,4,3,5,77,6.4,67.4,33.3
Sinusitis,Ciprofloxacin,12,7.75,9.0,8,2,2,376,31.3,62.6,66.7
Sinusitis,Clindamycin,12,6.58,8.0,7,2,3,611,50.9,75.2,58.3
"Diabetes, Type 2",Lantus Solostar,12,7.75,8.5,9,2,1,197,16.4,70.8,75.0
Hiccups,Chlorpromazine,12,8.92,10.0,11,0,1,221,18.4,70.3,91.7
Irritable Bowel Syndrome,Donnatal,12,9.42,10.0,12,0,0,536,44.7,67.4,100.0
Postpartum Depression,Celexa,12,7.33,9.5,9,0,3,370,30.8,93.2,75.0
Insomnia,Zyprexa,12,7.17,7.5,8,2,2,572,47.7,78.7,66.7
Post-Cholecystectomy Diarrhea,Cholestyramine,12,8.25,9.0,10,1,1,84,7.0,88.7,83.3
Atrial Fibrillation,Multaq,12,6.42,8.0,7,2,3,453,37.8,51.8,58.3
Seborrheic Dermatitis,Ketoconazole,12,7.58,10.0,9,0,3,323,26.9,58.2,75.0
Atrophic Urethritis,Estradiol,12,4.42,4.0,3,4,5,257,21.4,73.0,25.0
Opiate Withdrawal,Methadone Diskets,12,9.17,10.0,11,1,0,489,40.8,76.9,91.7
Prevention of Bladder infection,Macrobid,12,6.25,8.5,7,0,5,529,44.1,67.6,58.3
Chronic Spasticity,Baclofen,12,6.5,7.0,6,4,2,333,27.8,57.6,50.0
Otitis Externa,Ciprodex,12,5.58,6.5,6,1,5,27,2.2,69.2,50.0
Sciatica,Diclofenac,12,7.58,8.5,8,3,1,454,37.8,32.5,66.7
Myasthenia Gravis,Mycophenolate Mofetil,12,8.33,9.5,11,0,1,362,30.2,72.6,91.7
Psoriasis,Fluocinonide,12,7.58,9.0,9,0,3,235,19.6,44.1,75.0
Depression,Budeprion Xl,12,7.33,8.0,7,5,0,130,10.8,73.7,58.3
Rosacea,Metrogel,12,7.92,9.0,10,0,2,566,47.2,49.6,83.3
Rosacea,Sulfacetamide Sodium / Sulfur,12,8.5,9.0,11,0,1,225,18.8,61.6,91.7
Dermatitis,Clobetasol,12,9.67,10.0,12,0,0,172,14.3,59.6,100.0
Nasal Congestion,Vicks Sinex Nasal Spray (Old Formulation),12,6.08,9.0,7,0,5,56,4.7,39.9,58.3
Depression,Fluvoxamine,12,6.75,8.0,8,1,3,275,22.9,39.0,66.7
"Hypothyroidism, After Thyroid Removal",Armour Thyroid,12,7.0,9.0,8,1,3,726,60.5,85.6,66.7
Renal Cell Carcinoma,Sunitinib,12,8.33,9.0,11,0,1,697,58.1,82.0,91.7
High Cholesterol,Praluent,12,6.33,8.0,7,1,4,279,23.2,81.0,58.3
High Cholesterol,Zocor,12,6.0,6.0,6,2,4,971,80.9,53.4,50.0
GERD,Kapidex,12,8.83,10.0,10,2,0,144,12.0,52.9,83.3
Eczema,Dupixent,12,7.42,8.0,9,1,2,203,16.9,101.9,75.0
Acne,Finacea,12,8.25,9.0,10,1,1,327,27.2,70.2,83.3
Epilepsy,Perampanel,11,5.73,6.0,5,2,4,125,11.4,90.5,45.5
acial Wrinkles,Dermal Filler,11,7.09,9.0,8,0,3,137,12.5,53.5,72.7
Abnormal Uterine Bleeding,Loseasonique,11,4.36,5.0,2,4,5,82,7.5,102.1,18.2
Weight Loss,Megestrol,11,8.64,10.0,10,0,1,366,33.3,91.0,90.9
ibromyalgia,Pristiq,11,7.09,9.0,8,1,2,197,17.9,71.6,72.7
ADHD,Mydayis,11,4.73,4.0,4,2,5,108,9.8,88.5,36.4
Abnormal Uterine Bleeding,Estarylla,11,4.18,3.0,4,1,6,43,3.9,83.5,36.4
Osteoporosis,Fosamax,11,3.36,2.0,2,1,8,1910,173.6,74.0,18.2
Birth Control,Loestrin 21 1 / 20,11,5.0,3.0,5,0,6,62,5.6,76.4,45.5
Osteoarthritis,Pennsaid,11,8.82,10.0,10,0,1,364,33.1,62.4,90.9
Migraine Prevention,Clonazepam,11,7.55,8.0,10,0,1,337,30.6,71.1,90.9
Otitis Media,Omnicef,11,7.0,6.0,5,5,1,148,13.5,49.8,45.5
Otitis Media,Clarithromycin,11,7.55,9.0,8,1,2,91,8.3,87.5,72.7
Migraine Prevention,Zonegran,11,7.55,8.0,9,1,1,541,49.2,79.7,81.8
Overactive Bladde,Ditropan,11,4.09,2.0,2,3,6,296,26.9,41.0,18.2
Overactive Bladde,Darifenacin,11,7.82,8.0,7,4,0,333,30.3,31.1,63.6
Pain,Embeda,11,6.45,9.0,7,0,4,414,37.6,69.4,63.6
Pain,Aleve,11,8.27,10.0,9,1,1,184,16.7,46.7,81.8
Menstrual Disorders,Yasmin,11,6.45,6.0,5,3,3,150,13.6,114.4,45.5
Menstrual Disorders,Ocella,11,6.45,7.0,8,0,3,46,4.2,90.7,72.7
Bipolar Disorde,Effexor Xr,11,6.55,7.0,7,2,2,242,22.0,55.5,63.6
Cold Sores,Zovirax Cream,11,8.0,10.0,9,0,2,108,9.8,73.6,81.8
Birth Control,Previfem,11,5.09,5.0,3,5,3,37,3.4,90.9,27.3
Muscle Pain,Diclofenac,11,7.73,9.0,9,0,2,252,22.9,56.4,81.8
Benzodiazepine Withdrawal,Clonazepam,11,6.09,7.0,6,2,3,291,26.5,94.9,54.5
Benign Prostatic Hyperplasia,Dutasteride / Tamsulosin,11,6.91,7.0,7,2,2,427,38.8,35.0,63.6
Major Depressive Disorde,Remeron,11,7.27,8.0,8,1,2,603,54.8,96.3,72.7
Major Depressive Disorde,Olanzapine,11,6.27,8.0,6,1,4,149,13.5,90.0,54.5
Panic Disorde,Imipramine,11,8.18,10.0,9,1,1,544,49.5,90.7,81.8
Kidney Infections,Levofloxacin,11,6.82,7.0,7,3,1,248,22.5,69.7,63.6
Kidney Infections,Cipro,11,4.64,2.0,4,1,6,386,35.1,68.0,36.4
Periodic Limb Movement Disorde,Clonazepam,11,8.73,9.0,11,0,0,246,22.4,62.0,100.0
Period Pain,Ibuprofen,11,7.0,8.0,8,1,2,93,8.5,39.6,72.7
Bacterial Infection,Bactrim Ds,11,4.18,5.0,4,2,5,164,14.9,82.7,36.4
Keratosis,Efudex,11,7.64,9.0,9,0,2,1218,110.7,84.0,81.8
Plaque Psoriasis,Adalimumab,11,7.64,9.0,8,1,2,183,16.6,84.5,72.7
Peripheral Neuropathy,Cymbalta,11,7.0,8.0,6,4,1,472,42.9,53.8,54.5
Birth Control,Ortho-Cept,11,7.27,8.0,7,4,0,40,3.6,63.2,63.6
Osteoarthritis,Esomeprazole / Naproxen,11,7.09,9.0,7,1,3,262,23.8,42.5,63.6
Oral Thrush,Nystatin,11,8.0,9.0,9,1,1,339,30.8,66.7,81.8
Pneumonia,Ceftriaxone,11,8.64,10.0,9,1,1,283,25.7,72.2,81.8
Pneumonia,Azithromycin,11,6.09,7.0,7,1,3,190,17.3,91.9,63.6
Pneumococcal Disease Prophylaxis,Prevnar 13,11,3.36,2.0,1,4,6,72,6.5,89.1,9.1
Plaque Psoriasis,Humira,11,5.73,5.0,5,2,4,153,13.9,88.5,45.5
Postherpetic Neuralgia,Pregabalin,11,6.55,7.0,6,3,2,377,34.3,107.6,54.5
Postmenopausal Symptoms,Vivelle-Dot,11,8.45,10.0,9,1,1,438,39.8,78.5,81.8
Postmenopausal Symptoms,Estradiol / Norethindrone,11,7.36,8.0,7,3,1,142,12.9,52.9,63.6
Postmenopausal Symptoms,Drospirenone / Estradiol,11,7.73,10.0,8,1,2,397,36.1,66.5,72.7
Postpartum Depression,Zoloft,11,8.73,9.0,10,1,0,292,26.5,95.6,90.9
Postpartum Depression,Venlafaxine,11,6.36,7.0,6,3,2,119,10.8,92.4,54.5
Crohn's Disease,Vedolizumab,11,4.09,3.0,3,2,6,98,8.9,59.5,27.3
Insomnia,Estazolam,11,9.36,10.0,10,1,0,205,18.6,35.3,90.9
Progesterone Insufficiency,Progesterone,11,6.45,8.0,7,2,2,184,16.7,77.1,63.6
Premenstrual Dysphoric Disorde,Citalopram,11,9.36,9.0,11,0,0,364,33.1,95.0,100.0
"COPD, Maintenance",Albuterol,11,6.73,8.0,7,2,2,288,26.2,37.6,63.6
Depression,Doxepin,11,7.64,9.0,9,0,2,487,44.3,69.6,81.8
Prostatitis,Sulfamethoxazole / Trimethoprim,11,4.64,5.0,4,3,4,112,10.2,69.2,36.4
Depression,Clomipramine,11,9.18,10.0,10,1,0,447,40.6,96.6,90.9
Reflex Sympathetic Dystrophy Syndrome,Pregabalin,11,7.36,9.0,9,0,2,133,12.1,70.0,81.8
Psoriatic Arthritis,Stelara,11,6.27,8.0,7,1,3,176,16.0,78.9,63.6
Psoriatic Arthritis,Methotrexate,11,5.82,7.0,6,2,3,145,13.2,82.6,54.5
Psoriasis,Mometasone,11,9.45,10.0,11,0,0,348,31.6,77.2,100.0
Psoriasis,Acitretin,11,7.55,9.0,8,1,2,335,30.5,56.1,72.7
Depression,Imipramine,11,6.45,7.0,7,3,1,407,37.0,91.2,63.6
Restless Legs Syndrome,Gabapentin Enacarbil,11,8.0,10.0,8,1,2,473,43.0,69.6,72.7
Hypersomnia,Caffeine,11,7.18,9.0,8,0,3,140,12.7,39.7,72.7
Hyperprolactinemia,Bromocriptine,11,6.45,8.0,7,0,4,198,18.0,61.7,63.6
Depression,Nuvigil,11,6.91,8.0,7,2,2,419,38.1,67.1,63.6
Rheumatoid Arthritis,Celecoxib,11,7.27,9.0,9,0,2,455,41.4,55.1,81.8
Borderline Personality Disorde,Olanzapine,11,7.45,8.0,8,1,2,175,15.9,61.0,72.7
"Onychomycosis, Toenail",Tavaborole,11,5.09,2.0,5,0,6,113,10.3,76.9,45.5
Nasal Congestion,Phenylephrine,11,8.55,10.0,10,0,1,35,3.2,45.0,90.9
High Cholesterol,Gemfibrozil,11,7.0,9.0,8,0,3,294,26.7,63.0,72.7
Ankylosing Spondylitis,Golimumab,11,7.27,9.0,8,1,2,194,17.6,98.7,72.7
Seasonal Affective Disorde,Bupropion,11,9.64,10.0,11,0,0,485,44.1,79.3,100.0
Schizophrenia,Vraylar,11,7.82,9.0,9,0,2,207,18.8,76.5,81.8
High Blood Pressure,Hydralazine,11,3.36,2.0,2,2,7,448,40.7,72.4,18.2
High Blood Pressure,Edarbi,11,6.18,8.0,6,1,4,164,14.9,72.4,54.5
Seizures,Trileptal,11,6.18,7.0,6,2,3,215,19.5,81.4,54.5
Alzheimer's Disease,Memantine,11,4.09,2.0,3,2,6,440,40.0,70.3,27.3
High Blood Pressure,Diovan Hct,11,6.55,9.0,6,2,3,339,30.8,63.6,54.5
"Sexual Dysfunction, SSRI Induced",Sildenafil,11,8.36,9.0,10,0,1,449,40.8,30.7,90.9
"Diabetes, Type 2",Onglyza,11,6.55,8.0,6,2,3,390,35.5,75.7,54.5
Allergic Rhinitis,Methylprednisolone,11,4.55,3.0,2,3,6,143,13.0,79.7,18.2
Nasal Congestion,Dexbrompheniramine / Pseudoephedrine,11,10.0,10.0,11,0,0,99,9.0,57.7,100.0
Obsessive Compulsive Disorde,Aripiprazole,11,7.0,7.0,6,4,1,255,23.2,64.4,54.5
Breast Cance,Aromasin,11,5.27,4.0,5,3,3,759,69.0,61.7,45.5
Skin and Structure Infection,Mupirocin,11,8.27,10.0,9,0,2,410,37.3,47.5,81.8
Skin and Structure Infection,Bactroban,11,8.27,10.0,9,0,2,484,44.0,47.5,81.8
Skin Cance,Fluorouracil,11,8.09,8.0,9,2,0,827,75.2,77.0,81.8
High Blood Pressure,Amlodipine / Hydrochlorothiazide / Olmesartan,11,7.73,9.0,8,2,1,123,11.2,50.8,72.7
Hiccups,Thorazine,11,8.27,10.0,9,1,1,240,21.8,61.7,81.8
Strep Throat,Cefdinir,11,3.45,2.0,2,2,7,114,10.4,58.3,18.2
Helicobacter Pylori Infection,Metronidazole,11,6.18,7.0,8,2,1,110,10.0,95.2,72.7
Allergic Rhinitis,Beclomethasone,11,7.27,9.0,8,0,3,36,3.3,73.6,72.7
Tourette's Syndrome,Pimozide,11,6.45,9.0,6,2,3,161,14.6,79.0,54.5
Tourette's Syndrome,Orap,11,7.73,9.0,8,2,1,151,13.7,71.2,72.7
Burning Mouth Syndrome,Clonazepam,11,8.55,10.0,9,1,1,440,40.0,61.7,81.8
Not Listed / Othe,Oxycodone,11,9.0,10.0,10,1,0,31,2.8,57.1,90.9
Hashimoto's disease,Nature-Throid,11,7.0,10.0,8,0,3,819,74.5,78.5,72.7
Unknown,Adderall,11,7.82,8.0,7,4,0,276,25.1,64.1,63.6
Underactive Thyroid,Levoxyl,11,7.27,8.0,6,4,1,666,60.5,40.9,54.5
Underactive Thyroid,Cytomel,11,8.73,10.0,10,0,1,1798,163.5,74.5,90.9
"Ulcerative Colitis, Maintenance",Asacol,11,7.09,9.0,8,0,3,408,37.1,59.2,72.7
Ulcerative Colitis,Lialda,11,7.73,8.0,9,2,0,80,7.3,66.5,81.8
Dry Eye Disease,Ocular Lubricant,11,2.55,1.0,2,0,9,55,5.0,58.7,18.2
Unknown,Drospirenone / Ethinyl Estradiol / Levomefolate Calcium,11,4.27,3.0,3,2,6,67,6.1,79.1,27.3
Unknown,Desogestrel / Ethinyl Estradiol,11,5.18,5.0,4,3,4,73,6.6,93.3,36.4
Unknown,Amphetamine / Dextroamphetamine,11,8.09,9.0,8,3,0,149,13.5,72.5,72.7
Acute Coronary Syndrome,Prasugrel,11,7.55,9.0,8,2,1,239,21.7,61.3,72.7
Dysuria,Pyridium,11,6.09,8.0,6,1,4,229,20.8,66.3,54.5
Giardiasis,Metronidazole,11,5.82,5.0,3,7,1,79,7.2,94.6,27.3
Generalized Anxiety Disorde,Seroquel,11,7.27,8.0,9,0,2,833,75.7,53.5,81.8
Glaucoma,Acetazolamide,11,5.45,5.0,5,3,3,124,11.3,78.5,45.5
Eczema,Elocon,11,9.09,10.0,10,0,1,295,26.8,67.1,90.9
GERD,Omeprazole / Sodium Bicarbonate,11,7.36,9.0,8,1,2,119,10.8,76.5,72.7
GERD,Metoclopramide,11,5.18,5.0,5,2,4,154,14.0,72.6,45.5
Endometriosis,Loestrin 24 Fe,11,5.45,5.0,5,2,4,111,10.1,77.5,45.5
Abnormal Uterine Bleeding,Tri-Previfem,11,3.36,3.0,1,4,6,117,10.6,73.0,9.1
Nausea/Vomiting,Hydroxyzine,11,7.82,9.0,9,0,2,493,44.8,48.4,81.8
Bulimia,Topiramate,10,7.1,8.0,7,2,1,159,15.9,104.0,70.0
Epilepsy,Fycompa,10,6.1,7.0,5,2,3,77,7.7,87.1,50.0
Cough and Nasal Congestion,Zutripro,10,10.0,10.0,10,0,0,68,6.8,58.2,100.0
Polycystic Ovary Syndrome,Desogestrel / Ethinyl Estradiol,10,8.1,9.0,8,1,1,100,10.0,73.4,80.0
Non-Small Cell Lung Cance,Opdivo,10,2.6,1.0,2,0,8,308,30.8,90.1,20.0
Not Listed / Othe,Alprazolam,10,9.5,9.5,10,0,0,19,1.9,52.4,100.0
Edema,Hydrochlorothiazide / Triamterene,10,6.0,8.0,6,0,4,272,27.2,57.2,60.0
Post Traumatic Stress Disorde,Desvenlafaxine,10,9.1,9.5,9,1,0,177,17.7,81.0,90.0
Post Traumatic Stress Disorde,Lamotrigine,10,8.8,10.0,9,0,1,363,36.3,77.7,90.0
Postherpetic Neuralgia,Lyrica,10,7.0,8.0,7,2,1,323,32.3,102.7,70.0
Postherpetic Neuralgia,Neurontin,10,9.0,10.0,9,1,0,828,82.8,55.7,90.0
"Crohn's Disease, Acute",Infliximab,10,6.6,8.0,6,2,2,79,7.9,67.2,60.0
Postmenopausal Symptoms,Evamist,10,8.5,10.0,8,1,1,404,40.4,79.3,80.0
Postoperative Pain,Toradol,10,6.3,8.0,6,1,3,178,17.8,48.2,60.0
Back Pain,Zipsor,10,7.2,9.5,7,0,3,378,37.8,57.6,70.0
Light Anesthesia,Versed,10,3.7,1.0,3,0,7,111,11.1,88.6,30.0
Crohn's Disease,Infliximab,10,5.5,5.0,4,3,3,82,8.2,89.5,40.0
Postpartum Depression,Sertraline,10,8.4,9.0,9,0,1,273,27.3,96.0,90.0
Precocious Puberty,Lupron Depot-Ped,10,6.0,7.0,6,1,3,236,23.6,99.0,60.0
Unknown,Vilazodone,10,6.4,6.5,5,3,2,251,25.1,95.8,50.0
"Glaucoma, Open Angle",Latanoprost,10,5.2,5.0,4,2,4,318,31.8,62.5,40.0
Generalized Anxiety Disorde,Lyrica,10,9.1,9.0,10,0,0,890,89.0,74.0,100.0
Eczema,Dupilumab,10,8.2,10.0,8,1,1,225,22.5,100.4,80.0
"Constipation, Drug Induced",Lubiprostone,10,5.9,7.0,5,1,4,266,26.6,75.5,50.0
Pseudobulbar Affect,Dextromethorphan / Quinidine,10,8.9,9.0,9,1,0,434,43.4,73.5,90.0
Bacterial Vaginitis,Tindamax,10,6.7,7.5,6,2,2,198,19.8,57.6,60.0
Mania,Depakote,10,7.3,8.0,8,1,1,632,63.2,50.2,80.0
Colorectal Cance,Capecitabine,10,8.6,10.0,8,2,0,390,39.0,80.8,80.0
Atopic Dermatitis,Clobetasol,10,9.8,10.0,10,0,0,173,17.3,65.4,100.0
"Conjunctivitis, Allergic",Bepotastine,10,6.0,7.5,5,1,4,48,4.8,44.5,50.0
Psoriasis,Dovonex,10,6.7,8.5,7,0,3,254,25.4,59.5,70.0
"Asthma, Maintenance",Mometasone,10,6.6,9.0,6,1,3,174,17.4,63.3,60.0
Basal Cell Carcinoma,Fluorouracil,10,8.0,9.0,8,1,1,409,40.9,87.2,80.0
Psoriatic Arthritis,Simponi,10,6.0,6.5,5,2,3,201,20.1,48.8,50.0
Cold Symptoms,Chlorpheniramine / Hydrocodone,10,8.2,9.0,7,3,0,59,5.9,68.0,70.0
Pain,Hydroxyzine,10,5.4,6.0,5,1,4,397,39.7,45.8,50.0
Inflammatory Bowel Disease,Budesonide,10,8.1,10.0,8,0,2,354,35.4,74.8,80.0
"Asthma, Maintenance",Budesonide,10,7.3,8.0,7,2,1,129,12.9,50.9,70.0
Headache,Acetaminophen / Butalbital,10,8.9,9.0,9,1,0,104,10.4,54.6,90.0
"Breast Cancer, Metastatic",Letrozole,10,7.2,9.5,6,2,2,925,92.5,73.8,60.0
Dry Skin,Epiceram,10,7.8,9.5,8,0,2,197,19.7,87.0,80.0
Unknown,Pregabalin,10,6.1,6.0,4,4,2,126,12.6,61.9,40.0
Rheumatoid Arthritis,Actemra,10,8.5,9.5,9,1,0,290,29.0,97.6,90.0
Bipolar Disorde,Lithobid,10,7.4,9.0,7,1,2,342,34.2,35.7,70.0
Depression,Paxil Cr,10,6.5,7.0,6,2,2,150,15.0,62.9,60.0
Rheumatoid Arthritis,Methylprednisolone,10,8.5,9.0,9,0,1,246,24.6,75.1,90.0
Anxiety,Doxepin,10,7.5,8.0,7,2,1,250,25.0,81.7,70.0
Chronic Pain,Xtampza Er,10,5.3,4.5,4,3,3,102,10.2,78.7,40.0
Ovarian Cysts,Ortho Tri-Cyclen Lo,10,8.1,9.0,8,1,1,106,10.6,105.6,80.0
High Cholesterol,Ezetimibe / Simvastatin,10,7.1,9.0,6,1,3,317,31.7,45.4,60.0
Ankylosing Spondylitis,Diclofenac,10,7.3,8.5,7,2,1,145,14.5,45.3,70.0
Ulcerative Colitis,Apriso,10,6.5,7.5,7,1,2,121,12.1,87.1,70.0
Ulcerative Colitis,Budesonide,10,6.7,8.0,7,0,3,45,4.5,93.0,70.0
Undifferentiated Connective Tissue Disease,Hydroxychloroquine,10,6.2,8.5,6,0,4,193,19.3,89.6,60.0
HIV Infection,Isentress,10,8.6,9.5,8,2,0,53,5.3,59.1,80.0
Cluster Headaches,Tizanidine,10,7.3,8.5,7,1,2,363,36.3,87.1,70.0
Migraine,Zomig-Zmt,10,7.7,8.0,9,0,1,37,3.7,79.3,90.0
Chronic Pain,Kadian,10,8.4,9.0,9,1,0,264,26.4,71.4,90.0
"Diabetes, Type 2",Amaryl,10,7.9,8.5,9,0,1,753,75.3,60.1,90.0
High Blood Pressure,Ziac,10,5.7,7.0,6,1,3,111,11.1,46.0,60.0
Migraine Prevention,Lisinopril,10,8.9,10.0,9,0,1,282,28.2,80.7,90.0
Migraine Prevention,Metoprolol,10,8.1,9.5,8,0,2,243,24.3,84.9,80.0
Migraine Prevention,Nadolol,10,7.3,9.5,7,0,3,193,19.3,74.3,70.0
Alzheimer's Disease,Rivastigmine,10,6.7,7.5,7,1,2,279,27.9,46.1,70.0
Androgenetic Alopecia,Propecia,10,4.9,4.5,5,0,5,386,38.6,101.7,50.0
Osteoarthritis,Nabumetone,10,5.9,6.5,5,3,2,401,40.1,75.6,50.0
Osteoporosis,Actonel,10,2.9,2.5,1,2,7,735,73.5,56.8,10.0
Chronic Pain,Subutex,10,8.9,10.0,9,1,0,401,40.1,74.6,90.0
High Blood Pressure,Hydrochlorothiazide / Telmisartan,10,8.0,9.0,8,1,1,131,13.1,41.4,80.0
Obsessive Compulsive Disorde,Venlafaxine,10,8.0,9.0,8,1,1,247,24.7,85.9,80.0
"Onychomycosis, Toenail",Ciclopirox,10,7.8,9.0,8,0,2,556,55.6,60.4,80.0
Headache,Esgic-Plus,10,9.1,10.0,9,0,1,116,11.6,53.6,90.0
Headache,Fioricet With Codeine,10,9.4,10.0,10,0,0,194,19.4,67.7,100.0
Headache,Fiorinal,10,9.5,10.0,10,0,0,135,13.5,41.6,100.0
Diarrhea,Opium,10,9.7,10.0,10,0,0,154,15.4,87.2,100.0
Alzheimer's Disease,Exelon,10,6.1,7.0,6,1,3,303,30.3,56.8,60.0
Birth Control,Sharobel,10,5.2,4.5,4,2,4,45,4.5,97.5,40.0
Sjogren's Syndrome,Plaquenil,10,6.5,8.0,6,1,3,767,76.7,72.8,60.0
Osteoarthritis,Etodolac,10,7.7,9.0,8,0,2,282,28.2,42.1,80.0
Herpes Simplex,Lysine,10,8.4,10.0,8,1,1,178,17.8,94.1,80.0
Allergic Rhinitis,Chlorpheniramine,10,9.4,9.5,10,0,0,145,14.5,64.9,100.0
Stomach Ulce,Sucralfate,10,6.8,8.0,7,1,2,430,43.0,76.8,70.0
Chronic Myelogenous Leukemia,Dasatinib,10,8.9,9.0,10,0,0,131,13.1,85.1,100.0
"COPD, Maintenance",Daliresp,10,5.6,4.5,4,1,5,369,36.9,54.1,40.0
Hepatitis C,Peginterferon Alfa-2A,10,7.1,8.5,6,2,2,99,9.9,56.2,60.0
"Diabetes, Type 2",Saxagliptin,10,6.1,6.5,5,2,3,304,30.4,72.8,50.0
Swine Flu,Tamiflu,10,7.0,8.0,8,0,2,95,9.5,52.9,80.0
"COPD, Maintenance",Roflumilast,10,4.8,3.0,3,1,6,338,33.8,56.7,30.0
Tinea Versicol,Selenium Sulfide,10,8.2,10.0,8,1,1,312,31.2,83.3,80.0
Kidney Infections,Levaquin,10,7.3,7.0,7,3,0,239,23.9,65.7,70.0
Labor Pain,Stadol,10,6.5,9.5,6,0,4,42,4.2,72.3,60.0
Cough,Acetaminophen / Hydrocodone,10,9.7,10.0,10,0,0,352,35.2,61.5,100.0
Back Pain,Lorcet 10 / 650,10,8.6,9.5,9,0,1,237,23.7,40.2,90.0
Cough and Nasal Congestion,Chlorpheniramine / Hydrocodone / Pseudoephedrine,10,10.0,10.0,10,0,0,68,6.8,57.3,100.0
Vaginal Yeast Infection,Acidophilus,10,8.9,9.5,9,1,0,357,35.7,87.3,90.0
Eye Redness/Itching,Naphazoline / Pheniramine,10,7.1,9.0,7,1,2,43,4.3,40.9,70.0
Vitamin D Deficiency,Ergocalciferol,10,5.5,7.0,5,1,4,525,52.5,89.6,50.0
"Nausea/Vomiting, Chemotherapy Induced",Marinol,10,9.3,9.5,10,0,0,378,37.8,71.6,100.0
Non-Hodgkin's Lymphoma,Rituximab,10,9.1,9.0,10,0,0,521,52.1,63.9,100.0
Abnormal Uterine Bleeding,Nora-Be,10,4.9,5.0,4,2,4,167,16.7,82.6,40.0
ADHD,Quillivant Xr,10,5.3,5.0,4,3,3,84,8.4,82.2,40.0
min / saxagliptin),Metformin / Saxagliptin,10,5.1,5.0,3,4,3,79,7.9,53.8,30.0
ibromyalgia,Escitalopram,10,8.6,9.0,9,1,0,377,37.7,61.1,90.0
ibromyalgia,Flexeril,10,7.8,8.5,8,1,1,603,60.3,62.2,80.0
"Constipation, Acute",Polyethylene Glycol 3350,9,8.89,10.0,8,1,0,502,55.8,76.8,88.9
Paranoid Disorde,Olanzapine,9,6.56,7.0,6,1,2,132,14.7,58.3,66.7
Acne,Ocella,9,8.22,9.0,7,2,0,105,11.7,88.4,77.8
GERD,Reglan,9,5.33,5.0,4,1,4,159,17.7,74.6,44.4
Acne,Tazarotene,9,7.67,9.0,7,0,2,129,14.3,75.7,77.8
Urinary Tract Infection,Septra Ds,9,7.22,8.0,6,2,1,164,18.2,62.6,66.7
Urinary Tract Infection,Uribel,9,5.67,6.0,4,2,3,451,50.1,77.2,44.4
Endometriosis,Microgestin Fe 1 / 20,9,7.56,9.0,6,2,1,99,11.0,92.4,66.7
Supraventricular Tachycardia,Toprol-Xl,9,7.44,9.0,6,2,1,549,61.0,103.0,66.7
Swine Flu,Oseltamivir,9,7.56,8.0,8,0,1,77,8.6,60.6,88.9
Systemic Lupus Erythematosus,Imuran,9,5.11,4.0,4,1,4,269,29.9,51.0,44.4
Bladder Infection,Fosfomycin,9,7.0,10.0,6,0,3,208,23.1,54.9,66.7
Bladder Infection,Levofloxacin,9,4.33,3.0,4,0,5,116,12.9,60.2,44.4
"COPD, Maintenance",Symbicort,9,6.67,9.0,5,2,2,382,42.4,67.6,55.6
Dietary Supplementation,Omega-3 Polyunsaturated Fatty Acids,9,4.89,2.0,4,0,5,179,19.9,42.7,44.4
Heart Failure,Entresto,9,4.89,4.0,3,2,4,302,33.6,91.9,33.3
Hemorrhoids,Analpram-Hc,9,8.0,10.0,7,0,2,206,22.9,20.9,77.8
Abnormal Uterine Bleeding,Cryselle,9,4.33,3.0,3,1,5,19,2.1,94.4,33.3
Oral Thrush,Clotrimazole,9,4.89,5.0,3,3,3,208,23.1,41.8,33.3
Allergic Rhinitis,Diphenhydramine,9,6.67,8.0,6,2,1,63,7.0,40.8,66.7
Myelodysplastic Syndrome,Azacitidine,9,6.22,8.0,5,1,3,209,23.2,81.8,55.6
Muscle Spasm,Norflex,9,6.44,9.0,5,2,2,435,48.3,55.2,55.6
"COPD, Maintenance",Combivent,9,9.0,9.0,9,0,0,186,20.7,33.0,100.0
Acne,Gildess Fe 1 / 20,9,4.11,3.0,3,0,6,17,1.9,105.8,33.3
Paranoid Disorde,Quetiapine,9,7.0,8.0,6,1,2,139,15.4,67.7,66.7
Post Traumatic Stress Disorde,Venlafaxine,9,6.33,8.0,6,0,3,43,4.8,86.3,66.7
Postmenopausal Symptoms,Climara,9,7.0,8.0,6,2,1,334,37.1,73.7,66.7
Postmenopausal Symptoms,Conjugated Estrogens / Medroxyprogesterone,9,6.89,8.0,6,1,2,215,23.9,71.0,66.7
Insomnia,Tylenol Pm,9,6.33,8.0,6,0,3,213,23.7,39.6,66.7
Glaucoma,Combigan,9,6.22,7.0,5,2,2,157,17.4,43.1,55.6
Obesity,Benzphetamine,9,7.56,10.0,7,0,2,191,21.2,53.0,77.8
Urinary Tract Infection,Hyoscyamine / Methenamine / Methylene Blue / Phenyl Salicylate,9,8.0,9.0,7,1,1,114,12.7,81.3,77.8
Urinary Tract Infection,Hyoscyamine / Methenamine / Methylene Blue / Phenyl Salicylate / Sodium Biphosphate,9,5.33,5.0,4,1,4,327,36.3,70.3,44.4
Premenstrual Dysphoric Disorde,Prozac,9,7.11,9.0,6,1,2,442,49.1,93.0,66.7
Prostate Cance,Abiraterone,9,9.11,10.0,8,1,0,360,40.0,27.3,88.9
Prostatitis,Levofloxacin,9,3.67,1.0,3,0,6,134,14.9,63.2,33.3
Shift Work Sleep Disorde,Provigil,9,9.56,10.0,9,0,0,549,61.0,48.6,100.0
Chlamydia Infection,Zithromax,9,7.0,7.0,6,2,1,142,15.8,84.2,66.7
Sinusitis,Bactrim,9,3.78,3.0,2,2,5,187,20.8,44.3,22.2
Sjogren's Syndrome,Cevimeline,9,8.33,10.0,8,0,1,177,19.7,88.4,88.9
"Diabetes, Type 2",Kombiglyze Xr,9,5.11,5.0,3,3,3,31,3.4,55.7,33.3
Skin Rash,Prednisone,9,7.0,8.0,6,1,2,243,27.0,50.4,66.7
"Diabetes, Type 2",Toujeo,9,5.56,5.0,3,4,2,62,6.9,54.4,33.3
Barrett's Esophagus,Dexilant,9,9.44,10.0,9,0,0,197,21.9,70.1,100.0
"Asthma, acute",Racepinephrine,9,8.0,9.0,6,3,0,48,5.3,93.2,66.7
Depression,Elavil,9,8.22,9.0,8,0,1,897,99.7,84.8,88.9
Influenza Prophylaxis,"Influenza Virus Vaccine, Live, Trivalent",9,3.33,1.0,2,1,6,40,4.4,60.6,22.2
Atrial Fibrillation,Carvedilol,9,4.56,3.0,2,2,5,157,17.4,80.0,22.2
Benign Prostatic Hyperplasia,Hytrin,9,7.0,8.0,6,1,2,361,40.1,46.0,66.7
Pain,Reprexain,9,8.56,9.0,9,0,0,81,9.0,32.4,100.0
Psoriasis,Calcipotriene,9,7.11,9.0,7,0,2,174,19.3,44.1,77.8
Allergies,Atarax,9,8.78,9.0,8,1,0,274,30.4,41.6,88.9
Alopecia,Rogaine,9,6.22,7.0,5,3,1,926,102.9,80.4,55.6
Alopecia,Triamcinolone,9,8.67,10.0,8,0,1,307,34.1,64.9,88.9
Allergic Rhinitis,Allegra-D 24 Hour,9,7.89,8.0,8,0,1,86,9.6,47.1,88.9
Nasal Congestion,Naphazoline,9,10.0,10.0,9,0,0,205,22.8,59.1,100.0
Nasal Congestion,Privine,9,10.0,10.0,9,0,0,222,24.7,60.2,100.0
Nasal Congestion,Sodium Chloride,9,4.78,4.0,4,1,4,16,1.8,63.3,44.4
Nausea/Vomiting,Benadryl,9,7.56,9.0,7,0,2,326,36.2,41.1,77.8
"Onychomycosis, Fingernail",Terbinafine,9,8.11,9.0,7,1,1,195,21.7,120.9,77.8
Allergic Rhinitis,Benadryl,9,6.56,8.0,6,1,2,72,8.0,45.3,66.7
High Blood Pressure,Benazepril,9,6.56,7.0,6,1,2,140,15.6,52.1,66.7
High Blood Pressure,Coreg,9,3.89,2.0,3,0,6,710,78.9,27.1,33.3
Psoriasis,Coal Tar,9,9.56,10.0,9,0,0,128,14.2,75.0,100.0
Menstrual Disorders,Lysteda,9,7.44,10.0,6,1,2,371,41.2,98.7,66.7
Methicillin-Resistant Staphylococcus Aureus Infection,Linezolid,9,8.89,9.0,8,1,0,193,21.4,63.0,88.9
Methicillin-Resistant Staphylococcus Aureus Infection,Zyvox,9,9.11,9.0,9,0,0,195,21.7,73.4,100.0
Migraine,Butalbital Compound,9,9.44,10.0,9,0,0,138,15.3,23.9,100.0
Bipolar Disorde,Armodafinil,9,9.56,10.0,9,0,0,332,36.9,99.8,100.0
Pain,Meperidine / Promethazine,9,9.33,9.0,9,0,0,139,15.4,54.6,100.0
Benign Essential Trem,Inderal,9,8.22,9.0,8,0,1,663,73.7,87.6,88.9
High Blood Pressure,Micardis Hct,9,7.11,9.0,6,1,2,123,13.7,49.8,66.7
High Blood Pressure,Perindopril,9,6.22,6.0,4,3,2,134,14.9,61.2,44.4
Diabetes Insipidus,Desmopressin,9,9.56,10.0,9,0,0,55,6.1,55.6,100.0
Sedation,Lorazepam,9,8.22,10.0,7,1,1,206,22.9,60.0,77.8
Birth Control,Lybrel,9,7.89,10.0,6,2,1,253,28.1,80.2,66.7
High Blood Pressure,Doxazosin,9,7.33,6.0,4,5,0,374,41.6,63.9,44.4
Psoriatic Arthritis,Golimumab,9,6.44,7.0,5,2,2,164,18.2,59.6,55.6
Psoriatic Arthritis,Remicade,9,8.67,9.0,8,0,1,169,18.8,65.2,88.9
Psoriatic Arthritis,Sulfasalazine,9,5.0,5.0,4,1,4,201,22.3,91.4,44.4
Psoriatic Arthritis,Ustekinumab,9,5.78,8.0,5,1,3,143,15.9,84.7,55.6
Bipolar Disorde,Epitol,9,7.89,9.0,7,1,1,154,17.1,66.2,77.8
Pain,Indomethacin,9,6.56,7.0,5,3,1,93,10.3,51.4,55.6
Pain,Levorphanol,9,8.11,10.0,6,2,1,320,35.6,59.3,66.7
Hyperthyroidism,Methimazole,9,7.0,8.0,6,2,1,390,43.3,90.4,66.7
Schizophrenia,Cariprazine,9,8.33,9.0,8,0,1,180,20.0,88.0,88.9
Birth Control,Lessina,9,4.78,4.0,3,2,4,30,3.3,92.3,33.3
"Diabetes, Type 2",Albiglutide,9,4.11,2.0,2,2,5,52,5.8,65.3,22.2
Mitral Valve Prolapse,Metoprolol,9,8.44,9.0,8,1,0,118,13.1,67.0,88.9
Otitis Externa,Ciprofloxacin / Dexamethasone,9,4.44,3.0,3,1,5,16,1.8,69.6,33.3
Otitis Media,Ciprofloxacin / Dexamethasone,9,6.33,8.0,5,2,2,113,12.6,58.6,55.6
Ovarian Cysts,Aviane,9,4.33,2.0,4,0,5,35,3.9,79.2,44.4
Hypertriglyceridemia,Fenofibric Acid,9,6.0,8.0,6,0,3,190,21.1,58.9,66.7
Unknown,Aviane,9,4.22,4.0,2,4,3,16,1.8,87.8,22.2
Unknown,Beyaz,9,4.56,5.0,2,3,4,95,10.6,82.8,22.2
Unknown,Gianvi,9,4.56,4.0,3,2,4,16,1.8,106.0,33.3
COPD,Olodaterol / Tiotropium,9,5.89,5.0,4,3,2,185,20.6,59.1,44.4
Bronchitis,Amoxicillin,9,6.11,6.0,4,2,3,101,11.2,42.7,44.4
"Gout, Acute",Indocin,9,8.78,9.0,8,1,0,418,46.4,26.0,88.9
Unknown,Loseasonique,9,5.89,6.0,4,2,3,20,2.2,74.6,44.4
Unknown,Viibryd,9,6.22,8.0,5,1,3,254,28.2,102.1,55.6
Restless Legs Syndrome,Sinemet,9,8.22,9.0,8,0,1,489,54.3,82.6,88.9
Bipolar Disorde,Iloperidone,9,8.56,10.0,8,0,1,75,8.3,86.2,88.9
Angina Pectoris Prophylaxis,Isosorbide Mononitrate,9,6.11,8.0,6,0,3,374,41.6,75.7,66.7
Ankylosing Spondylitis,Simponi,9,8.44,9.0,8,0,1,191,21.2,107.6,88.9
"Breast Cancer, Adjuvant",Letrozole,9,5.78,5.0,4,3,2,697,77.4,111.6,44.4
Obsessive Compulsive Disorde,Abilify,9,6.89,7.0,5,3,1,317,35.2,67.8,55.6
Migraine,Excedrin,9,8.0,10.0,7,0,2,50,5.6,55.2,77.8
Anxiety and Stress,Elavil,9,9.89,10.0,9,0,0,1315,146.1,75.0,100.0
Anxiety,Neurontin,9,8.0,8.0,8,0,1,1307,145.2,86.0,88.9
Anxiety,Oxcarbazepine,9,4.44,3.0,3,1,5,150,16.7,84.3,33.3
Rheumatoid Arthritis,Voltaren,9,5.89,7.0,6,0,3,194,21.6,18.7,66.7
Chronic Pancreatitis,Pancrelipase,9,7.11,9.0,6,1,2,231,25.7,64.8,66.7
"High Cholesterol, Familial Heterozygous",Repatha,9,8.11,10.0,7,0,2,201,22.3,88.4,77.8
Overactive Bladde,Enablex,9,6.89,6.0,4,4,1,225,25.0,29.7,44.4
Overactive Bladde,Sanctura,9,8.0,9.0,8,0,1,299,33.2,62.0,88.9
Ovulation Induction,Clomid,9,7.33,9.0,7,0,2,673,74.8,94.6,77.8
Rosacea,Rhofade,9,3.22,1.0,2,1,6,37,4.1,69.2,22.2
Dermatological Disorders,Betamethasone,9,9.33,10.0,9,0,0,249,27.7,60.9,100.0
High Cholesterol,Colesevelam,9,7.22,8.0,6,2,1,360,40.0,85.4,66.7
High Cholesterol,Fenofibric Acid,9,4.11,3.0,2,2,5,167,18.6,40.7,22.2
Erosive Esophagitis,Dexlansoprazole,9,8.78,9.0,9,0,0,229,25.4,72.9,100.0
Irritable Bowel Syndrome,Immune Globulin Oral,9,6.56,9.0,6,0,3,129,14.3,93.4,66.7
Polycystic Ovary Syndrome,Drospirenone / Ethinyl Estradiol,9,6.67,9.0,5,2,2,105,11.7,121.1,55.6
Period Pain,Cataflam,9,8.56,9.0,8,0,1,134,14.9,55.2,88.9
Kidney Infections,Cephalexin,9,8.0,9.0,7,2,0,272,30.2,71.6,77.8
"Constipation, Acute",Lactulose,9,8.56,9.0,8,1,0,356,39.6,81.6,88.9
Peripheral Neuropathy,Lyrica,9,6.44,8.0,6,1,2,222,24.7,78.9,66.7
Cough,Delsym 12 Hour Cough Relief,9,5.67,8.0,5,0,4,39,4.3,47.0,55.6
Irritable Bowel Syndrome,Zelnorm,9,9.56,10.0,9,0,0,118,13.1,69.7,100.0
Extrapyramidal Reaction,Benztropine,9,8.78,10.0,8,0,1,256,28.4,26.8,88.9
Night Terrors,Clonazepam,9,8.22,9.0,7,2,0,174,19.3,47.2,77.8
Xerostomia,Saliva Substitutes,9,7.56,10.0,6,1,2,142,15.8,46.0,66.7
min),Linagliptin / Metformin,8,7.38,8.5,6,0,2,34,4.2,32.2,75.0
acial Wrinkles,Onabotulinumtoxina,8,5.5,5.5,4,0,4,26,3.2,78.4,50.0
Neuropathic Pain,Lidocaine,8,4.38,4.0,3,1,4,73,9.1,99.4,37.5
Cough and Nasal Congestion,Bromfed Dm,8,6.62,9.0,5,0,3,78,9.8,28.6,62.5
Juvenile Rheumatoid Arthritis,Enbrel,8,7.88,8.5,7,0,1,68,8.5,98.2,87.5
"Ischemic Stroke, Prophylaxis",Aspirin / Dipyridamole,8,6.5,8.0,5,1,2,312,39.0,62.8,62.5
Cough,Dextromethorphan / Guaifenesin,8,6.62,7.5,5,1,2,97,12.1,41.9,62.5
Cough,Acetaminophen / Codeine,8,8.5,10.0,7,0,1,183,22.9,45.1,87.5
Back Pain,Acetaminophen / Pamabrom,8,9.75,10.0,8,0,0,71,8.9,59.1,100.0
Pharyngitis,Prednisone,8,8.62,10.0,7,0,1,136,17.0,96.0,87.5
Peripheral Neuropathy,Carbamazepine,8,6.5,8.0,5,1,2,139,17.4,70.2,62.5
Parkinson's Disease,Rytary,8,3.62,3.0,1,2,5,214,26.8,127.1,12.5
Irritable Bowel Syndrome,Venlafaxine,8,8.38,9.0,7,0,1,72,9.0,73.6,87.5
Irritable Bowel Syndrome,Tegaserod,8,9.75,10.0,8,0,0,104,13.0,82.2,100.0
Irritable Bowel Syndrome,Levsin,8,6.38,7.5,5,1,2,253,31.6,80.5,62.5
Epilepsy,Gabapentin,8,6.75,8.0,6,0,2,178,22.2,49.5,75.0
ADHD,Dyanavel Xr,8,6.38,6.5,4,2,2,71,8.9,49.1,50.0
ADHD,Zenzedi,8,8.5,9.5,7,0,1,96,12.0,68.4,87.5
"Nausea/Vomiting, Chemotherapy Induced",Emend,8,9.88,10.0,8,0,0,68,8.5,40.9,100.0
"Nausea/Vomiting, Chemotherapy Induced",Aprepitant,8,9.88,10.0,8,0,0,70,8.8,42.2,100.0
Bipolar Disorde,Zoloft,8,7.62,8.5,6,1,1,144,18.0,37.6,75.0
Overactive Bladde,Flomax,8,3.25,1.5,1,2,5,497,62.1,33.9,12.5
Overactive Bladde,Detrol La,8,6.62,8.0,5,2,1,220,27.5,51.1,62.5
Ovarian Cysts,Tri-Sprintec,8,6.5,7.5,5,1,2,27,3.4,111.0,62.5
Rosacea,Oxymetazoline,8,2.38,1.0,1,1,6,33,4.1,62.6,12.5
Rosacea,Isotretinoin,8,8.38,9.5,7,0,1,79,9.9,95.0,87.5
Birth Control,Amethia,8,6.62,7.5,5,1,2,16,2.0,118.0,62.5
Migraine,Onabotulinumtoxina,8,6.12,7.0,4,1,3,59,7.4,98.0,50.0
Cold Symptoms,Ephedrine / Guaifenesin,8,9.38,9.5,8,0,0,53,6.6,40.8,100.0
Rheumatoid Arthritis,Tramadol,8,9.38,10.0,8,0,0,353,44.1,42.9,100.0
Anxiety,Librium,8,7.5,9.5,6,0,2,241,30.1,73.4,75.0
Rheumatoid Arthritis,Rituxan,8,6.38,8.5,5,0,3,583,72.9,75.9,62.5
Rheumatoid Arthritis,Nabumetone,8,4.5,4.0,2,3,3,197,24.6,24.9,25.0
Hot Flashes,Duloxetine,8,6.12,8.0,5,0,3,161,20.1,74.0,62.5
Hyperprolactinemia,Parlodel,8,6.25,8.5,5,0,3,190,23.8,72.2,62.5
Hyperprolactinemia,Dostinex,8,8.62,10.0,7,1,0,179,22.4,52.6,87.5
Migraine,Flexeril,8,7.0,8.5,6,0,2,315,39.4,54.5,75.0
Pain,Diphenhydramine / Naproxen,8,6.75,9.0,5,1,2,113,14.1,89.0,62.5
HIV Infection,Emtricitabine / Tenofovir,8,8.88,10.0,7,0,1,63,7.9,50.0,87.5
Ulcerative Colitis,Sulfasalazine,8,5.0,5.0,3,2,3,135,16.9,54.9,37.5
Ulcerative Colitis,Balsalazide,8,7.12,8.0,6,0,2,65,8.1,17.5,75.0
Nasal Congestion,Drixoral Cold And Allergy,8,9.88,10.0,8,0,0,101,12.6,39.1,100.0
Borderline Personality Disorde,Risperidone,8,6.62,8.0,6,0,2,175,21.9,53.0,75.0
Obsessive Compulsive Disorde,Olanzapine,8,6.38,7.0,4,2,2,132,16.5,103.0,50.0
Obsessive Compulsive Disorde,Mirtazapine,8,7.88,9.0,6,1,1,234,29.2,86.8,75.0
Obsessive Compulsive Disorde,Lexapro,8,9.25,10.0,7,1,0,780,97.5,95.5,87.5
"Breast Cancer, Metastatic",Capecitabine,8,6.12,7.5,4,1,3,182,22.8,108.5,50.0
Schizoaffective Disorde,Latuda,8,9.0,9.5,7,1,0,237,29.6,78.2,87.5
Schizoaffective Disorde,Lamotrigine,8,9.0,9.5,7,1,0,207,25.9,86.5,87.5
High Cholesterol,Lovastatin,8,4.5,1.5,3,0,5,166,20.8,44.9,37.5
Unknown,Quetiapine,8,7.62,9.0,6,1,1,106,13.2,79.1,75.0
HIV Infection,Dolutegravir,8,7.5,8.5,5,2,1,24,3.0,79.9,62.5
Nausea/Vomiting,Dramamine,8,9.62,10.0,8,0,0,269,33.6,47.0,100.0
Unknown,Contrave,8,5.75,7.5,4,1,3,126,15.8,126.8,50.0
Hypoestrogenism,Estradiol,8,6.5,7.0,4,2,2,210,26.2,51.9,50.0
Migraine Prevention,Pregabalin,8,8.25,9.5,6,2,0,226,28.2,67.5,75.0
Migraine Prevention,Lamotrigine,8,8.0,10.0,6,1,1,106,13.2,85.8,75.0
Schizophrenia,Rexulti,8,5.38,6.5,4,1,3,150,18.8,56.6,50.0
Birth Control,Lo / Ovral,8,4.12,2.5,3,1,4,48,6.0,60.0,37.5
Birth Control,Levlen,8,5.0,3.5,3,1,4,67,8.4,74.4,37.5
Migraine Prevention,Baclofen,8,7.5,8.5,6,1,1,270,33.8,55.8,75.0
Schizophrenia,Iloperidone,8,6.88,8.0,6,0,2,125,15.6,28.0,75.0
Schizophrenia,Brexpiprazole,8,6.75,8.0,5,1,2,117,14.6,77.8,62.5
HIV Infection,Raltegravir,8,9.38,10.0,8,0,0,41,5.1,60.8,100.0
Restless Legs Syndrome,Klonopin,8,7.5,9.0,5,2,1,565,70.6,51.1,62.5
"Asthma, Maintenance",Cromolyn,8,8.88,10.0,7,0,1,69,8.6,50.5,87.5
"Asthma, Maintenance",Breo Ellipta,8,6.62,8.0,5,1,2,63,7.9,87.1,62.5
Indigestion,Ranitidine,8,8.0,9.5,6,1,1,145,18.1,31.5,75.0
Pain,Ketoprofen,8,9.75,10.0,8,0,0,107,13.4,58.1,100.0
Pulmonary Hypertension,Tyvaso,8,7.88,8.0,8,0,0,61,7.6,65.2,100.0
Pulmonary Hypertension,Letairis,8,8.62,10.0,7,0,1,152,19.0,74.1,87.5
Psoriatic Arthritis,Cosentyx,8,3.0,1.5,2,0,6,74,9.2,62.1,25.0
"Sexual Dysfunction, SSRI Induced",Buspirone,8,6.12,8.5,5,0,3,613,76.6,70.5,62.5
High Blood Pressure,Lopressor,8,6.75,7.0,5,2,1,438,54.8,42.5,62.5
High Blood Pressure,Edarbyclor,8,7.12,8.5,5,2,1,99,12.4,61.2,62.5
Osteoarthritis,Vimovo,8,8.62,10.0,7,0,1,278,34.8,35.2,87.5
Seizures,Primidone,8,8.0,9.0,7,0,1,132,16.5,76.2,87.5
Seizures,Keppra Xr,8,7.75,9.0,6,1,1,99,12.4,27.5,75.0
Angina,Isosorbide Mononitrate,8,3.25,1.5,2,0,6,30,3.8,68.8,25.0
Anesthesia,Succinylcholine,8,2.38,1.0,0,2,6,54,6.8,84.2,0.0
Anemia,Multivitamin With Iron,8,8.12,9.5,7,0,1,106,13.2,34.6,87.5
Anal Fissure and Fistula,Nitroglycerin,8,8.0,8.5,7,0,1,49,6.1,68.0,87.5
Psoriasis,Triamcinolone,8,7.75,9.5,6,0,2,82,10.2,49.5,75.0
Benign Essential Trem,Gabapentin,8,7.0,8.5,5,1,2,292,36.5,78.4,62.5
Basal Cell Carcinoma,Aldara,8,5.88,6.0,4,1,3,337,42.1,53.5,50.0
Pain,Methadose,8,9.62,10.0,8,0,0,321,40.1,65.1,100.0
Menstrual Disorders,Loryna,8,3.88,1.0,3,0,5,23,2.9,122.8,37.5
Psoriasis,Halobetasol,8,8.12,8.5,6,2,0,52,6.5,52.8,75.0
Psoriasis,Elocon,8,9.88,10.0,8,0,0,252,31.5,64.6,100.0
Psoriasis,Desoximetasone,8,8.38,10.0,7,0,1,93,11.6,47.2,87.5
High Blood Pressure,Azilsartan Medoxomil / Chlorthalidone,8,6.75,7.0,5,2,1,140,17.5,65.4,62.5
Allergic Rhinitis,Astelin,8,10.0,10.0,8,0,0,245,30.6,73.1,100.0
Headache,Fiorinal With Codeine,8,9.25,9.5,8,0,0,193,24.1,53.6,100.0
Nausea/Vomiting,Ativan,8,7.0,9.5,5,1,2,357,44.6,64.6,62.5
Menorrhagia,Dienogest / Estradiol,8,7.62,9.5,5,2,1,38,4.8,118.6,62.5
Mania,Lithium,8,7.12,7.5,6,1,1,284,35.5,52.2,75.0
"Conjunctivitis, Bacterial",Vigamox,8,6.38,7.5,5,0,3,48,6.0,27.4,62.5
"Conjunctivitis, Bacterial",Moxifloxacin,8,6.75,8.5,5,1,2,73,9.1,31.6,62.5
Atopic Dermatitis,Triamcinolone,8,9.25,10.0,8,0,0,152,19.0,75.9,100.0
Insomnia,Dalmane,8,8.38,9.5,7,0,1,339,42.4,92.8,87.5
Influenza Prophylaxis,Flumist,8,3.62,2.0,2,1,5,40,5.0,62.6,25.0
Pain,Sprix,8,8.62,9.5,7,1,0,105,13.1,74.4,87.5
Diabetic Kidney Disease,Lisinopril,8,6.25,6.5,4,2,2,142,17.8,67.1,50.0
Sinusitis,Prednisone,8,6.88,9.0,5,1,2,340,42.5,76.4,62.5
Sinusitis,Ceftin,8,8.5,10.0,7,0,1,578,72.2,78.1,87.5
Allergic Rhinitis,Patanase,8,7.5,9.5,6,0,2,116,14.5,74.0,75.0
Allergic Rhinitis,Loratadine / Pseudoephedrine,8,4.12,2.0,3,0,5,81,10.1,64.0,37.5
Sinusitis,Amoxicillin,8,6.88,8.5,5,1,2,117,14.6,33.4,62.5
Chronic Myelogenous Leukemia,Sprycel,8,8.75,8.5,8,0,0,84,10.5,76.0,100.0
Chronic Lymphocytic Leukemia,Ibrutinib,8,5.38,5.5,4,1,3,111,13.9,45.0,50.0
"Diabetes, Type 2",Glyxambi,8,6.38,7.5,5,1,2,99,12.4,41.0,62.5
Computed Tomography,Barium Sulfate,8,4.62,4.0,2,3,3,81,10.1,86.5,25.0
Malaria Prevention,Mefloquine,8,4.88,3.5,3,1,4,68,8.5,69.9,37.5
Major Depressive Disorde,Zyprexa,8,6.25,7.5,4,1,3,156,19.5,72.4,50.0
Pseudobulbar Affect,Nuedexta,8,9.12,9.5,7,1,0,341,42.6,68.8,87.5
"Crohn's Disease, Maintenance",Azathioprine,8,7.62,7.5,7,0,1,177,22.1,64.5,87.5
Pain,Zorvolex,8,7.62,9.5,6,0,2,172,21.5,73.0,75.0
Pain,Ultram Er,8,7.88,8.5,7,0,1,396,49.5,100.4,87.5
Constipation,Milk Of Magnesia,8,8.75,9.5,7,1,0,138,17.2,99.2,87.5
Pain,Talwin Nx,8,6.62,8.0,6,0,2,303,37.9,67.5,75.0
Premenstrual Syndrome,Ethinyl Estradiol / Levonorgestrel,8,3.5,2.0,2,0,6,8,1.0,106.0,25.0
Premenstrual Dysphoric Disorde,Drospirenone / Ethinyl Estradiol / Levomefolate Calcium,8,8.5,9.5,7,0,1,163,20.4,88.6,87.5
Premenstrual Dysphoric Disorde,Beyaz,8,8.62,9.5,7,1,0,157,19.6,104.4,87.5
Urinary Incontinence,Tolterodine,8,7.12,9.0,5,1,2,163,20.4,28.8,62.5
Urinary Incontinence,Oxytrol,8,8.75,9.0,8,0,0,402,50.2,97.2,100.0
Upper Respiratory Tract Infection,Sulfamethoxazole / Trimethoprim,8,4.88,4.5,4,0,4,65,8.1,65.9,50.0
Upper Respiratory Tract Infection,Cephalexin,8,6.88,8.5,6,0,2,309,38.6,54.5,75.0
Not Listed / Othe,Tramadol,8,8.25,8.5,7,1,0,50,6.2,42.1,87.5
Bronchitis,Ciprofloxacin,8,5.5,5.5,2,5,1,189,23.6,33.2,25.0
Nausea/Vomiting,Transderm-Scop,8,4.0,3.5,1,3,4,47,5.9,118.1,12.5
"COPD, Acute",Albuterol,8,6.25,7.5,5,1,2,108,13.5,39.1,62.5
Crohn's Disease,Remicade,8,5.75,5.5,3,3,2,79,9.9,70.5,37.5
Crohn's Disease,Entyvio,8,3.25,2.5,1,2,5,83,10.4,50.5,12.5
Panic Disorde,Clomipramine,8,9.12,10.0,7,1,0,417,52.1,73.8,87.5
Panic Disorde,Celexa,8,8.0,8.5,7,1,0,401,50.1,71.0,87.5
Bacterial Infection,Keflex,8,7.75,9.5,6,1,1,362,45.2,64.5,75.0
Insomnia,Unisom Sleepgels,8,5.12,4.5,4,0,4,108,13.5,47.6,50.0
Postpartum Depression,Effexor Xr,8,7.88,8.5,6,2,0,93,11.6,98.5,75.0
Postmenopausal Symptoms,Prempro,8,7.0,8.0,6,0,2,221,27.6,82.1,75.0
Cough,Tessalon,8,7.25,9.0,6,0,2,175,21.9,28.4,75.0
Irritable Bowel Syndrome,Enteragam,8,6.25,9.0,5,0,3,86,10.8,97.0,62.5
Iron Deficiency Anemia,Ferrous Sulfate,8,6.12,5.5,3,4,1,406,50.8,82.0,37.5
"Crohn's Disease, Acute",Remicade,8,7.62,9.0,6,1,1,67,8.4,65.5,75.0
Postmenopausal Symptoms,Combipatch,8,7.12,8.0,5,2,1,98,12.2,48.9,62.5
Post Traumatic Stress Disorde,Saphris,8,8.75,9.0,7,1,0,262,32.8,102.8,87.5
Post Traumatic Stress Disorde,Pristiq,8,9.0,9.5,7,1,0,191,23.9,90.8,87.5
Hepatitis C,Pegasys,8,6.62,8.0,5,1,2,107,13.4,61.9,62.5
"COPD, Maintenance",Combivent Respimat,8,4.25,3.5,2,2,4,174,21.8,71.4,25.0
Myelodysplastic Syndrome,Vidaza,8,7.12,9.5,5,1,2,353,44.1,84.0,62.5
Streptococcal Infection,Levofloxacin,8,7.25,9.0,6,0,2,200,25.0,95.4,75.0
Soft Tissue Sarcoma,Votrient,8,8.75,10.0,7,0,1,348,43.5,73.1,87.5
Soft Tissue Sarcoma,Pazopanib,8,7.75,9.0,5,2,1,251,31.4,92.0,62.5
Allergic Rhinitis,Desloratadine,8,5.88,7.0,4,2,2,51,6.4,48.9,50.0
Hepatitis C,Viekira Pak,8,6.5,9.5,5,0,3,139,17.4,73.4,62.5
Hepatitis C,Telaprevir,8,8.25,9.5,7,0,1,101,12.6,87.8,87.5
Muscle Pain,Methyl Salicylate,8,6.0,7.5,5,0,3,49,6.1,69.5,62.5
Birth Control,Tri-Linyah,8,4.62,4.0,3,1,4,27,3.4,94.0,37.5
Allergic Reactions,Benadryl,8,8.25,8.5,6,2,0,101,12.6,53.9,75.0
Trigeminal Neuralgia,Topiramate,8,7.5,8.5,6,1,1,155,19.4,83.6,75.0
Trichomoniasis,Flagyl,8,7.5,8.0,6,1,1,234,29.2,89.6,75.0
Oophorectomy,Conjugated Estrogens,8,8.38,9.5,7,0,1,397,49.6,68.9,87.5
Bone infection,Clindamycin,8,8.75,9.0,7,1,0,180,22.5,85.1,87.5
Systemic Lupus Erythematosus,Azathioprine,8,4.5,5.0,2,3,3,146,18.2,62.9,25.0
GERD,Carafate,8,6.5,8.0,5,0,3,462,57.8,98.9,62.5
Eye Redness/Itching,Visine Totality Multi-Symptom Relief,8,3.75,2.5,2,0,6,27,3.4,49.8,25.0
Eye Redness/Itching,Tetrahydrozoline / Zinc Sulfate,8,3.88,2.5,2,0,6,28,3.5,47.6,25.0
Not Listed / Othe,Gabapentin,8,8.38,8.5,7,1,0,28,3.5,83.9,87.5
Not Listed / Othe,Buprenorphine / Naloxone,8,9.88,10.0,8,0,0,3,0.4,106.2,100.0
Urticaria,Doxepin,8,8.62,9.0,7,1,0,261,32.6,72.4,87.5
"Constipation, Chronic",Tegaserod,8,9.88,10.0,8,0,0,104,13.0,54.9,100.0
"Constipation, Chronic",Polyethylene Glycol 3350 With Electrolytes,8,9.38,10.0,8,0,0,95,11.9,56.4,100.0
ADHD,Armodafinil,8,7.38,8.5,6,0,2,232,29.0,78.8,75.0
ADHD,Methylin,8,8.5,8.5,7,1,0,185,23.1,47.0,87.5
Endometriosis,Sprintec,7,6.43,8.0,5,0,2,46,6.6,78.9,71.4
Epilepsy,Carbatrol,7,8.14,9.0,6,0,1,80,11.4,46.0,85.7
Abnormal Uterine Bleeding,Junel Fe 1 / 20,7,5.43,6.0,3,3,1,78,11.1,117.7,42.9
Weight Loss,Ionamin,7,7.29,9.0,5,0,2,211,30.1,101.6,71.4
Nocturnal Leg Cramps,Quinine,7,8.0,9.0,6,0,1,109,15.6,66.7,85.7
ADHD,Ritalin La,7,9.0,9.0,7,0,0,116,16.6,73.7,100.0
Alzheimer's Disease,Namenda,7,5.0,5.0,2,3,2,388,55.4,56.7,28.6
"Diabetes, Type 2",Glucotrol,7,7.43,10.0,5,0,2,654,93.4,25.4,71.4
"Diabetes, Type 2",Empagliflozin / Linagliptin,7,6.0,7.0,4,1,2,95,13.6,52.0,57.1
"Sexual Dysfunction, SSRI Induced",Viagra,7,8.71,9.0,6,1,0,429,61.3,22.0,85.7
Allergic Rhinitis,Olopatadine,7,8.57,10.0,6,0,1,123,17.6,67.6,85.7
Sinus Symptoms,Drixoral Cold And Allergy,7,10.0,10.0,7,0,0,37,5.3,40.0,100.0
Birth Control,Tri-Estarylla,7,5.14,4.0,3,1,3,10,1.4,106.1,42.9
Abnormal Uterine Bleeding,Tri-Lo-Sprintec,7,1.14,1.0,0,0,7,20,2.9,98.9,0.0
Abnormal Uterine Bleeding,Quasense,7,3.0,3.0,0,3,4,37,5.3,98.6,0.0
Vaginal Yeast Infection,Lactobacillus Acidophilus,7,8.29,10.0,6,0,1,283,40.4,63.0,85.7
Polycystic Ovary Syndrome,Microgestin Fe 1 / 20,7,4.14,3.0,1,2,4,68,9.7,106.7,14.3
Cough and Nasal Congestion,Mucinex D Maximum Strength,7,5.43,3.0,3,0,4,6,0.9,69.9,42.9
Back Pain,Ibuprofen,7,7.29,8.0,6,0,1,106,15.1,21.4,85.7
Vulvodynia,Amitriptyline,7,7.29,8.0,6,0,1,145,20.7,55.1,85.7
Vitamin/Mineral Supplementation during Pregnancy/Lactation,Prenatal Plus,7,6.86,6.0,3,4,0,57,8.1,28.7,42.9
Endometriosis,Etonogestrel,7,4.0,3.0,1,2,4,2,0.3,116.9,14.3
Eye Redness/Itching,Opcon-A,7,5.86,8.0,4,1,2,53,7.6,46.9,57.1
Parkinson's Disease,Amantadine,7,7.14,8.0,4,2,1,126,18.0,38.7,57.1
"Constipation, Chronic",Zelnorm,7,9.86,10.0,7,0,0,96,13.7,47.4,100.0
Kidney Infections,Bactrim,7,5.57,5.0,3,2,2,94,13.4,92.1,42.9
Periodic Limb Movement Disorde,Requip,7,4.71,1.0,3,0,4,153,21.9,46.9,42.9
Period Pain,Ponstel,7,7.14,10.0,5,0,2,99,14.1,87.9,71.4
Performance Anxiety,Inderal,7,8.29,10.0,6,0,1,415,59.3,57.6,85.7
Vertig,Antivert,7,5.57,8.0,4,0,3,355,50.7,48.1,57.1
Ventricular Tachycardia,Amiodarone,7,7.29,9.0,5,0,2,264,37.7,65.3,71.4
Vaginal Yeast Infection,Vagistat-1,7,6.57,8.0,5,0,2,116,16.6,55.1,71.4
Motion Sickness,Promethazine,7,7.29,9.0,5,0,2,85,12.1,72.3,71.4
Chronic Lymphocytic Leukemia,Imbruvica,7,4.86,3.0,3,0,4,93,13.3,68.0,42.9
Herpes Zoste,Valacyclovir,7,8.14,10.0,5,1,1,91,13.0,83.9,71.4
Sjogren's Syndrome,Evoxac,7,6.86,8.0,5,0,2,149,21.3,91.4,71.4
Sinusitis,Cefprozil,7,3.57,1.0,2,0,5,74,10.6,39.1,28.6
High Blood Pressure,Furosemide,7,6.29,5.0,3,2,2,161,23.0,55.0,42.9
Chronic Pain,Methadone Diskets,7,9.71,10.0,7,0,0,401,57.3,66.9,100.0
Bacterial Infection,Cipro,7,5.57,5.0,3,1,3,172,24.6,54.3,42.9
Eczema,Prednisone,7,7.29,10.0,5,0,2,236,33.7,66.7,71.4
Pelvic Inflammatory Disease,Metronidazole,7,4.71,4.0,3,1,3,28,4.0,102.4,42.9
Parkinson's Disease,Rasagiline,7,6.14,6.0,3,2,2,253,36.1,40.7,42.9
Juvenile Rheumatoid Arthritis,Etanercept,7,8.0,9.0,6,0,1,48,6.9,84.9,85.7
Osteoarthritis,Triamcinolone,7,5.71,6.0,3,1,3,22,3.1,62.6,42.9
High Blood Pressure,Valturna,7,6.43,6.0,3,2,2,23,3.3,39.7,42.9
Seizures,Ethosuximide,7,9.14,10.0,7,0,0,35,5.0,43.1,100.0
Seizures,Aptiom,7,7.29,9.0,5,1,1,79,11.3,84.1,71.4
Seizure Prevention,Klonopin,7,8.29,10.0,6,0,1,210,30.0,81.9,85.7
Anesthesia,Ketamine,7,3.86,2.0,2,0,5,93,13.3,44.4,28.6
Sedation,Desyrel,7,8.86,9.0,7,0,0,687,98.1,96.4,100.0
Secondary Hyperparathyroidism,Cinacalcet,7,6.71,8.0,4,2,1,87,12.4,56.1,57.1
"Diabetes, Type 2",Insulin Lispro,7,6.57,6.0,3,3,1,53,7.6,41.0,42.9
Osteoarthritis,Famotidine / Ibuprofen,7,6.0,6.0,2,4,1,76,10.9,66.9,28.6
Osteoarthritis,Duexis,7,6.86,6.0,3,3,1,75,10.7,72.4,42.9
Birth Control,Trivora,7,7.14,9.0,4,2,1,40,5.7,48.6,57.1
Birth Control,Trinessa Lo,7,4.57,5.0,2,2,3,12,1.7,72.7,28.6
Sciatica,Diclofenac / Misoprostol,7,9.0,9.0,7,0,0,353,50.4,93.0,100.0
High Blood Pressure,Zestril,7,6.0,7.0,4,1,2,481,68.7,42.1,57.1
"Organ Transplant, Rejection Prophylaxis",Cellcept,7,8.14,8.0,5,2,0,82,11.7,41.3,71.4
Strep Throat,Biaxin,7,6.14,6.0,3,2,2,120,17.1,90.0,42.9
Stomach Ulce,Carafate,7,6.71,8.0,4,2,1,315,45.0,72.6,57.1
Glaucoma,Brimonidine / Timolol,7,6.0,7.0,4,1,2,127,18.1,43.3,57.1
Eczema,Desoximetasone,7,8.0,10.0,5,1,1,150,21.4,62.7,71.4
Dyspareunia,Ospemifene,7,7.57,8.0,6,0,1,170,24.3,98.7,85.7
Urinary Tract Infection,Smz-Tmp Ds,7,2.14,1.0,0,2,5,119,17.0,66.3,0.0
Urinary Tract Infection,Macrodantin,7,7.43,8.0,5,1,1,163,23.3,81.0,71.4
Gas,Gas-X,7,7.71,10.0,5,0,2,388,55.4,42.9,71.4
Parkinson's Disease,Neupro,7,5.86,7.0,4,1,2,167,23.9,72.3,57.1
Interstitial Cystitis,Elavil,7,8.0,9.0,6,0,1,308,44.0,59.7,85.7
Spondylolisthesis,Gabapentin,7,6.0,5.0,3,2,2,64,9.1,111.3,42.9
Skin or Soft Tissue Infection,Levofloxacin,7,2.57,1.0,1,1,5,43,6.1,80.7,14.3
High Blood Pressure,Prinivil,7,6.14,8.0,4,1,2,466,66.6,21.4,57.1
Schizophrenia,Fanapt,7,8.0,9.0,6,0,1,130,18.6,33.0,85.7
Hepatitis C,Dasabuvir / Ombitasvir / Paritaprevir / Ritonavir,7,7.29,10.0,5,0,2,130,18.6,79.7,71.4
Opioid Overdose,Naloxone,7,9.43,10.0,7,0,0,74,10.6,80.3,100.0
Muscle Spasm,Aspirin / Carisoprodol,7,9.29,9.0,7,0,0,67,9.6,41.7,100.0
Obesity,Chorionic Gonadotropin (Hcg),7,7.29,9.0,4,3,0,252,36.0,70.9,57.1
Bronchitis,Cipro,7,5.29,5.0,1,5,1,168,24.0,34.6,14.3
Nausea/Vomiting,Meclizine,7,9.0,10.0,6,1,0,182,26.0,58.6,85.7
Nausea/Vomiting,Haloperidol,7,3.71,2.0,2,0,5,87,12.4,78.1,28.6
Glaucoma,Diamox,7,5.86,7.0,4,0,3,119,17.0,67.3,57.1
Panic Disorde,Bupropion,7,6.86,8.0,5,1,1,460,65.7,82.7,71.4
Narcolepsy,Dexedrine,7,8.43,8.0,6,1,0,312,44.6,109.7,85.7
Schizophrenia,Chlorpromazine,7,9.14,9.0,7,0,0,88,12.6,64.6,100.0
Ankylosing Spondylitis,Remicade,7,7.0,8.0,5,1,1,160,22.9,67.0,71.4
Schizoaffective Disorde,Invega Sustenna,7,6.57,8.0,5,0,2,106,15.1,72.1,71.4
Dermatitis,Fluocinonide,7,9.86,10.0,7,0,0,172,24.6,81.3,100.0
Tendonitis,Mobic,7,9.43,10.0,7,0,0,664,94.9,49.3,100.0
Temporomandibular Joint Disorde,Valium,7,9.43,10.0,7,0,0,193,27.6,76.1,100.0
Unknown,Yasmin,7,4.86,5.0,3,1,3,36,5.1,66.7,42.9
Unknown,Varenicline,7,7.86,9.0,6,0,1,50,7.1,108.0,85.7
Unknown,Suboxone,7,9.57,10.0,7,0,0,16,2.3,86.3,100.0
Acne,Tazorac,7,7.29,9.0,5,0,2,34,4.9,89.3,71.4
Unknown,Sertraline,7,8.57,9.0,6,1,0,100,14.3,75.1,85.7
Primary Immunodeficiency Syndrome,Hizentra,7,6.29,8.0,5,0,2,99,14.1,68.3,71.4
Prevention of Hypokalemia,Potassium Chloride,7,6.57,7.0,4,2,1,94,13.4,21.6,57.1
Prevention of Dental Caries,Fluoride,7,7.14,9.0,5,0,2,36,5.1,60.7,71.4
Borderline Personality Disorde,Lurasidone,7,8.14,8.0,7,0,0,166,23.7,120.6,100.0
Borderline Personality Disorde,Aripiprazole,7,6.86,7.0,4,2,1,96,13.7,90.7,57.1
Bladder Infection,Hiprex,7,7.86,8.0,6,0,1,389,55.6,107.6,85.7
Anorexia,Dronabinol,7,8.43,10.0,6,0,1,205,29.3,58.6,85.7
Hyperhidrosis,Xerac Ac,7,9.0,10.0,6,0,1,51,7.3,85.3,85.7
High Cholesterol,Welchol,7,7.57,9.0,5,1,1,315,45.0,85.0,71.4
High Cholesterol,Pravachol,7,6.14,7.0,4,1,2,902,128.9,22.1,57.1
Birth Control,Altavera,7,6.43,7.0,5,1,1,26,3.7,101.4,71.4
Cold Symptoms,Tussionex Pennkinetic,7,7.0,6.0,3,4,0,44,6.3,83.3,42.9
Supraventricular Tachycardia,Diltiazem,7,7.86,9.0,4,3,0,229,32.7,90.6,57.1
"Tuberculosis, Latent",Isoniazid,7,5.71,5.0,3,3,1,89,12.7,102.7,42.9
Trigeminal Neuralgia,Trileptal,7,8.86,10.0,6,1,0,424,60.6,71.7,85.7
"Crohn's Disease, Maintenance",Imuran,7,6.86,7.0,6,0,1,135,19.3,66.4,85.7
Insomnia,Edluar,7,8.71,9.0,7,0,0,71,10.1,79.1,100.0
Pain/Feve,Acetaminophen / Aspirin / Caffeine,7,8.57,10.0,6,0,1,24,3.4,59.4,85.7
Pain,Vicodin Hp,7,8.29,10.0,6,0,1,88,12.6,62.9,85.7
Constipation,Magnesium Oxide,7,9.43,10.0,7,0,0,452,64.6,70.1,100.0
Pain,Tylox,7,9.0,9.0,7,0,0,56,8.0,43.6,100.0
Pain,Toradol Iv / Im,7,7.57,10.0,5,0,2,38,5.4,79.4,71.4
Eczema,Hydrocortisone,7,8.86,9.0,7,0,0,75,10.7,33.6,100.0
Trigeminal Neuralgia,Tegretol Xr,7,8.86,9.0,7,0,0,146,20.9,44.0,100.0
Tourette's Syndrome,Aripiprazole,7,6.86,8.0,5,0,2,83,11.9,75.6,71.4
Tinea Pedis,Terbinafine,7,6.57,9.0,4,1,2,75,10.7,47.9,57.1
Heart Attack,Metoprolol,7,6.29,6.0,3,3,1,273,39.0,87.3,42.9
Anxiety,Serax,7,8.29,9.0,6,1,0,466,66.6,41.9,85.7
Hypersomnia,Modafinil,7,5.57,6.0,3,2,2,35,5.0,109.7,42.9
Hyperphosphatemia of Renal Failure,Sevelamer,7,5.0,4.0,3,1,3,57,8.1,41.7,42.9
Insomnia,Desyrel,7,6.29,6.0,3,3,1,206,29.4,24.3,42.9
Unknown,Nexplanon,7,3.57,1.0,2,0,5,35,5.0,72.4,28.6
Unknown,Lyrica,7,5.14,5.0,2,3,2,88,12.6,56.6,28.6
Unknown,Junel Fe 1 / 20,7,5.14,4.0,3,1,3,79,11.3,94.1,42.9
Duodenal Ulce,Sucralfate,7,9.43,10.0,7,0,0,366,52.3,74.0,100.0
"Asthma, acute",Ventolin,7,7.14,9.0,4,2,1,75,10.7,37.0,57.1
Prostate Cance,Zytiga,7,9.71,10.0,7,0,0,313,44.7,30.0,100.0
Bipolar Disorde,Citalopram,7,7.86,9.0,5,2,0,119,17.0,72.7,71.4
Pain,Aspirin / Butalbital / Caffeine,7,9.71,10.0,7,0,0,140,20.0,49.7,100.0
Pain,Acetaminophen / Phenyltoloxamine,7,9.0,9.0,7,0,0,75,10.7,26.4,100.0
"Diarrhea, Chronic",Loperamide,7,9.86,10.0,7,0,0,177,25.3,51.9,100.0
Headache,Dolgic Plus,7,8.43,9.0,5,2,0,34,4.9,60.1,71.4
Bowel Preparation,Sodium Biphosphate / Sodium Phosphate,7,5.86,9.0,4,0,3,133,19.0,63.4,57.1
Bowel Preparation,Gavilyte-G,7,9.0,9.0,7,0,0,59,8.4,79.0,100.0
Dry Skin,Biafine,7,9.86,10.0,7,0,0,66,9.4,62.6,100.0
Diverticulitis,Cipro,7,7.43,8.0,6,0,1,380,54.3,52.0,85.7
Bronchitis,Azithromycin Dose Pack,7,6.71,8.0,4,1,2,233,33.3,67.4,57.1
Bronchiectasis,Albuterol,7,3.71,1.0,2,1,4,30,4.3,42.6,28.6
Nausea/Vomiting,Dimenhydrinate,7,9.57,10.0,7,0,0,228,32.6,54.3,100.0
"Conjunctivitis, Allergic",Ketotifen,7,9.57,10.0,7,0,0,112,16.0,63.7,100.0
Nasal Congestion,Nostrilla,7,7.57,10.0,5,0,2,45,6.4,58.6,71.4
"Asthma, Maintenance",Asmanex Twisthaler,7,7.29,10.0,5,0,2,170,24.3,58.3,71.4
"Asthma, Maintenance",Dulera,7,4.29,2.0,2,1,4,216,30.9,90.1,28.6
Depression,Desipramine,7,9.86,10.0,7,0,0,286,40.9,87.0,100.0
Inflammatory Conditions,Decadron,7,3.0,1.0,2,0,5,107,15.3,77.7,28.6
Indigestion,Omeprazole,7,8.57,10.0,6,0,1,165,23.6,52.3,85.7
Ulcerative Colitis,Imuran,7,7.43,9.0,5,1,1,305,43.6,50.6,71.4
Alcohol Withdrawal,Diazepam,7,8.86,9.0,6,1,0,322,46.0,43.3,85.7
Unknown,Clonazepam,7,9.0,10.0,6,1,0,43,6.1,68.3,85.7
Atopic Dermatitis,Elidel,7,8.14,9.0,6,0,1,68,9.7,76.9,85.7
Psoriatic Arthritis,Infliximab,7,8.57,9.0,6,0,1,138,19.7,66.6,85.7
Pain,Morphine / Naltrexone,7,7.86,9.0,6,0,1,296,42.3,76.4,85.7
Migraine,Botox,7,6.0,7.0,4,0,3,39,5.6,89.3,57.1
Psoriasis,Soriatane,7,7.57,8.0,5,1,1,278,39.7,67.3,71.4
"Asthma, acute",Methylprednisolone,7,8.43,10.0,6,0,1,151,21.6,80.6,85.7
Breast Cance,Afinitor,7,4.86,2.0,3,0,4,127,18.1,76.4,42.9
Breakthrough Pain,Actiq,7,8.71,9.0,6,1,0,271,38.7,92.6,85.7
Bipolar Disorde,Desvenlafaxine,7,7.71,9.0,5,1,1,89,12.7,95.3,71.4
Cold Symptoms,Drixoral Cold And Allergy,7,10.0,10.0,7,0,0,58,8.3,48.9,100.0
Diagnosis and Investigation,Lexiscan,7,5.43,8.0,4,0,3,178,25.4,64.0,57.1
Headache,Acetaminophen / Caffeine / Isometheptene Mucate,7,8.86,9.0,7,0,0,38,5.4,72.3,100.0
HIV Infection,Truvada,7,8.86,10.0,6,0,1,81,11.6,48.3,85.7
"Asthma, Maintenance",Fluticasone / Vilanterol,7,6.43,8.0,4,1,2,44,6.3,69.9,57.1
"Asthma, Maintenance",Alvesco,7,8.0,9.0,6,0,1,83,11.9,48.9,85.7
Reflex Sympathetic Dystrophy Syndrome,Lyrica,7,6.14,8.0,5,0,2,90,12.9,54.6,71.4
Pulmonary Hypertension,Revatio,7,5.86,9.0,4,0,3,140,20.0,44.9,57.1
Psychosis,Haldol,7,8.57,10.0,6,0,1,347,49.6,86.1,85.7
Dietary Supplementation,Ubiquinone,7,8.57,10.0,6,0,1,216,30.9,39.1,85.7
Unknown,Implanon,7,6.86,9.0,4,2,1,4,0.6,109.9,57.1
"Nausea/Vomiting, Chemotherapy Induced",Zofran,7,7.29,8.0,5,1,1,130,18.6,73.9,71.4
"Nausea/Vomiting, Chemotherapy Induced",Ondansetron,7,8.0,9.0,6,0,1,129,18.4,62.6,85.7
"Nausea/Vomiting, Chemotherapy Induced",Granisetron,7,9.14,10.0,7,0,0,25,3.6,58.3,100.0
Abnormal Uterine Bleeding,Alesse,7,4.14,4.0,2,2,3,22,3.1,96.3,28.6
ADHD,Methylin Er,7,8.43,9.0,6,1,0,141,20.1,64.0,85.7
Seizures,Phenobarbital,7,8.71,10.0,6,0,1,108,15.4,33.6,85.7
Eye Redness,Freshkote,7,9.57,10.0,7,0,0,169,24.1,49.9,100.0
Expectoration,Acetylcysteine,7,9.71,10.0,7,0,0,219,31.3,67.0,100.0
Erosive Esophagitis,Pantoprazole,7,7.14,9.0,5,0,2,146,20.9,45.6,71.4
Ischemic Stroke,Clopidogrel,7,7.0,9.0,5,0,2,384,54.9,19.4,71.4
Plaque Psoriasis,Etanercept,7,8.43,10.0,6,0,1,181,25.9,100.1,85.7
Plaque Psoriasis,Enbrel,7,8.43,10.0,6,0,1,145,20.7,87.3,85.7
ibromyalgia,Armodafinil,7,8.14,10.0,5,1,1,346,49.4,91.3,71.4
ibromyalgia,Sodium Oxybate,7,7.71,9.0,6,0,1,320,45.7,69.7,85.7
ibromyalgia,Lexapro,7,8.43,9.0,5,2,0,334,47.7,32.1,71.4
ibromyalgia,Fluoxetine,6,6.5,8.0,4,0,2,281,46.8,52.0,66.7
ibromyalgia,Xyrem,6,7.17,7.5,5,0,1,309,51.5,59.5,83.3
ibromyalgia,Amrix,6,7.5,8.5,5,0,1,213,35.5,65.5,83.3
ibromyalgia,Desyrel,6,7.17,7.5,4,2,0,245,40.8,50.5,66.7
Lactose Intolerance,Lactaid,6,5.17,4.5,3,0,3,99,16.5,67.5,50.0
Autism,Ziprasidone,6,4.67,4.0,3,0,3,68,11.3,45.0,50.0
Erosive Esophagitis,Omeprazole,6,9.33,10.0,6,0,0,152,25.3,67.0,100.0
Muscle Pain,Nabumetone,6,6.83,9.5,4,0,2,193,32.2,51.3,66.7
ADHD,Nuvigil,6,8.33,9.5,5,0,1,266,44.3,92.7,83.3
ibromyalgia,Mobic,6,7.5,7.5,5,0,1,472,78.7,62.2,83.3
ibromyalgia,Nuvigil,6,8.33,9.5,5,0,1,435,72.5,94.2,83.3
Epilepsy,Tegretol Xr,6,6.33,8.0,4,0,2,80,13.3,54.3,66.7
Erectile Dysfunction,Caverject Impulse,6,9.33,9.0,6,0,0,300,50.0,70.5,100.0
Erosive Esophagitis,Dexilant,6,9.33,10.0,6,0,0,236,39.3,69.8,100.0
Neuralgia,Baclofen,6,5.17,5.5,2,2,2,83,13.8,93.5,33.3
Neuralgia,Levetiracetam,6,7.0,8.0,5,0,1,28,4.7,38.5,83.3
Night Terrors,Diazepam,6,10.0,10.0,6,0,0,169,28.2,78.7,100.0
Unknown,Flexeril,6,6.0,6.5,3,1,2,257,42.8,84.0,50.0
Psychosis,Perphenazine,6,7.17,8.5,4,1,1,80,13.3,72.7,66.7
Pulmonary Embolism,Apixaban,6,7.5,7.5,4,2,0,161,26.8,82.2,66.7
Pulmonary Hypertension,Sildenafil,6,6.5,9.0,4,0,2,130,21.7,49.3,66.7
Reflex Sympathetic Dystrophy Syndrome,Trazodone,6,8.0,9.0,5,0,1,201,33.5,73.0,83.3
Undifferentiated Connective Tissue Disease,Plaquenil,6,3.33,1.0,2,0,4,156,26.0,79.7,33.3
Unknown,Acetaminophen / Oxycodone,6,9.67,10.0,6,0,0,51,8.5,66.2,100.0
Headache,Acetaminophen / Diphenhydramine,6,5.17,4.5,3,0,3,54,9.0,42.7,50.0
Unknown,Adipex-P,6,9.67,10.0,6,0,0,54,9.0,61.5,100.0
Unknown,Alprazolam,6,7.17,10.0,4,0,2,105,17.5,87.0,66.7
Unknown,Armodafinil,6,7.67,8.5,5,0,1,27,4.5,87.7,83.3
"Hypothyroidism, After Thyroid Removal",Tirosint,6,8.5,10.0,5,0,1,218,36.3,77.7,83.3
Cold Symptoms,Acetaminophen / Chlorpheniramine / Phenylephrine,6,4.67,4.0,2,1,3,19,3.2,43.8,33.3
Cold Symptoms,Actifed,6,8.17,9.0,5,1,0,32,5.3,35.7,83.3
Pain,Ketamine,6,8.0,10.0,5,0,1,138,23.0,83.3,83.3
Diarrhea,Saccharomyces Boulardii Lyo,6,8.17,8.0,5,1,0,230,38.3,44.7,83.3
Ulcerative Colitis,Asacol,6,5.33,5.0,3,0,3,70,11.7,45.8,50.0
Ulcerative Colitis,Entyvio,6,6.0,5.0,2,3,1,106,17.7,77.3,33.3
"Asthma, Maintenance",Theophylline,6,9.17,10.0,5,1,0,159,26.5,79.5,83.3
"Asthma, acute",Asthmanefrin,6,7.83,8.5,4,2,0,32,5.3,90.3,66.7
"Asthma, acute",Epinephrine,6,9.5,10.0,6,0,0,77,12.8,56.2,100.0
Psoriasis,Olux,6,9.67,10.0,6,0,0,81,13.5,69.7,100.0
Menstrual Disorders,Microgestin Fe 1.5 / 30,6,6.33,7.5,4,0,2,28,4.7,87.7,66.7
Psoriatic Arthritis,Secukinumab,6,3.5,1.5,2,0,4,56,9.3,46.5,33.3
Unknown,Cyclobenzaprine,6,6.5,8.5,4,0,2,258,43.0,67.0,66.7
Unknown,Estradiol,6,7.33,8.5,5,0,1,255,42.5,62.3,83.3
Ulcerative Colitis,Vedolizumab,6,4.0,3.5,1,2,3,104,17.3,93.3,16.7
Allergic Reactions,Benadryl Allergy,6,9.33,10.0,5,1,0,152,25.3,59.2,83.3
Inflammatory Conditions,Prednisolone,6,4.17,3.5,2,1,3,51,8.5,68.3,33.3
Restless Legs Syndrome,Neurontin,6,8.83,9.0,6,0,0,634,105.7,33.7,100.0
Anxiety and Stress,Prazosin,6,9.83,10.0,6,0,0,512,85.3,71.3,100.0
Hypertriglyceridemia,Omega-3 Polyunsaturated Fatty Acids,6,8.17,9.5,5,0,1,345,57.5,40.5,83.3
Allergic Reactions,Chlorpheniramine,6,9.17,9.0,6,0,0,57,9.5,25.7,100.0
Allergic Rhinitis,Allegra-D 12 Hour,6,8.17,9.0,5,1,0,59,9.8,56.3,83.3
Nasal Congestion,Sudafed Congestion,6,8.17,9.5,5,0,1,181,30.2,51.8,83.3
Deep Vein Thrombosis,Pradaxa,6,6.5,6.5,3,3,0,72,12.0,80.7,50.0
Meniere's Disease,Valium,6,9.83,10.0,6,0,0,397,66.2,73.3,100.0
Menorrhagia,Natazia,6,7.17,7.0,3,3,0,25,4.2,108.7,50.0
Pain,Pentazocine,6,5.17,5.0,3,0,3,55,9.2,24.2,50.0
Bacterial Vaginitis,Clindesse,6,7.33,10.0,4,0,2,76,12.7,56.3,66.7
"Breast Cancer, Metastatic",Halaven,6,9.67,10.0,6,0,0,382,63.7,70.0,100.0
Nausea/Vomiting,Haldol,6,2.67,1.5,1,0,5,126,21.0,85.5,16.7
COPD,Aclidinium,6,9.5,10.0,6,0,0,204,34.0,38.7,100.0
COPD,Stiolto Respimat,6,5.83,6.5,3,1,2,136,22.7,48.8,50.0
"Breast Cancer, Metastatic",Xeloda,6,5.0,4.5,2,1,3,175,29.2,96.2,33.3
Bowel Preparation,Miralax,6,3.83,3.0,1,2,3,178,29.7,31.7,16.7
Bowel Preparation,Polyethylene Glycol 3350,6,5.17,5.0,2,2,2,160,26.7,36.7,33.3
"Onychomycosis, Toenail",Fluconazole,6,9.5,10.0,6,0,0,215,35.8,43.5,100.0
Headache,Esgic,6,9.67,10.0,6,0,0,59,9.8,69.3,100.0
Diabetic Peripheral Neuropathy,Topiramate,6,7.33,8.5,5,0,1,292,48.7,110.5,83.3
Bipolar Disorde,Neurontin,6,8.67,8.5,6,0,0,531,88.5,56.3,100.0
Bipolar Disorde,Nuvigil,6,9.67,10.0,6,0,0,251,41.8,88.3,100.0
Pain,Exalgo,6,7.33,8.5,4,1,1,255,42.5,79.8,66.7
Indigestion,Magnesium Hydroxide,6,8.67,9.0,5,1,0,66,11.0,109.2,83.3
Prostatitis,Levaquin,6,4.83,4.5,3,0,3,128,21.3,70.7,50.0
Major Depressive Disorde,Seroquel Xr,6,6.67,9.0,4,0,2,88,14.7,80.3,66.7
Colorectal Cance,Xeloda,6,8.83,10.0,5,1,0,343,57.2,74.0,83.3
Barrett's Esophagus,Pantoprazole,6,8.33,10.0,4,2,0,248,41.3,78.7,66.7
Pain,Talwin,6,5.67,6.0,3,0,3,85,14.2,20.7,50.0
Unknown,Lurasidone,6,1.83,1.0,0,1,5,47,7.8,49.5,0.0
Unknown,Methylphenidate,6,9.0,9.0,6,0,0,177,29.5,97.3,100.0
"Breast Cancer, Metastatic",Femara,6,6.83,9.5,4,0,2,705,117.5,56.0,66.7
Insomnia,Diphenhydramine / Naproxen,6,8.0,9.5,5,0,1,92,15.3,45.7,83.3
Hyperlipoproteinemia,Fenofibrate,6,5.17,5.0,2,2,2,390,65.0,52.8,33.3
Hypersomnia,Nodoz,6,6.67,9.0,4,0,2,89,14.8,33.3,66.7
Hypertensive Emergency,Clonidine,6,9.17,9.5,6,0,0,150,25.0,65.5,100.0
Anxiety,Paxil Cr,6,8.67,8.5,6,0,0,111,18.5,58.3,100.0
Anxiety,Prochlorperazine,6,5.33,5.0,3,0,3,112,18.7,103.7,50.0
Hemorrhoids,Hydrocortisone,6,7.33,9.0,4,1,1,118,19.7,31.2,66.7
Tinea Corporis,Econazole,6,8.5,10.0,5,0,1,77,12.8,31.5,83.3
Tinnitus,Xanax,6,9.17,9.0,6,0,0,656,109.3,33.7,100.0
Trigeminal Neuralgia,Baclofen,6,7.33,9.0,4,1,1,204,34.0,96.5,66.7
Upper Respiratory Tract Infection,Amoxicillin,6,7.5,8.5,5,0,1,264,44.0,58.5,83.3
Eczema,Halobetasol,6,8.0,9.5,5,0,1,47,7.8,38.8,83.3
Constipation,Metamucil,6,8.5,10.0,5,0,1,156,26.0,47.3,83.3
Constipation,Psyllium,6,8.5,10.0,5,0,1,156,26.0,47.3,83.3
Pain,Vicodin Es,6,9.17,9.5,6,0,0,103,17.2,70.3,100.0
Pain,Vistaril,6,5.33,5.5,3,0,3,307,51.2,30.7,50.0
Dental Abscess,Flagyl,6,8.83,9.5,5,1,0,285,47.5,77.3,83.3
Insomnia,Intermezzo,6,9.67,10.0,6,0,0,122,20.3,27.2,100.0
Trigeminal Neuralgia,Topamax,6,5.83,6.5,3,1,2,101,16.8,43.8,50.0
Alcohol Withdrawal,Valium,6,8.5,9.0,5,1,0,316,52.7,47.7,83.3
Migraine,Methylergonovine,6,9.67,10.0,6,0,0,87,14.5,94.7,100.0
Birth Control,Alyacen 1 / 35,6,4.67,3.5,2,1,3,12,2.0,78.5,33.3
Bipolar Disorde,Pristiq,6,8.17,8.5,5,1,0,121,20.2,61.3,83.3
Bipolar Disorde,Valproic Acid,6,6.67,8.5,4,0,2,88,14.7,70.0,66.7
High Cholesterol,Trilipix,6,4.83,4.0,2,1,3,118,19.7,37.8,33.3
"High Cholesterol, Familial Heterozygous",Alirocumab,6,7.83,9.0,5,0,1,80,13.3,85.2,83.3
Rhinitis,Veramyst,6,8.0,8.5,5,1,0,122,20.3,37.5,83.3
Rosacea,Accutane,6,9.17,9.5,6,0,0,116,19.3,92.2,100.0
Ankylosing Spondylitis,Voltaren,6,7.5,8.5,5,0,1,126,21.0,36.5,83.3
Anorexia,Marinol,6,8.17,9.5,5,0,1,199,33.2,64.7,83.3
Anorexia,Megestrol,6,9.17,10.0,5,1,0,96,16.0,66.5,83.3
Overactive Bladde,Belladonna / Opium,6,9.83,10.0,6,0,0,107,17.8,118.8,100.0
Birth Control,Cyclafem 1 / 35,6,6.33,6.5,3,2,1,4,0.7,72.3,50.0
Ovulation Induction,Clomiphene,6,7.33,8.5,5,0,1,165,27.5,71.7,83.3
Cold Symptoms,Pseudoephedrine / Triprolidine,6,8.17,9.0,5,1,0,25,4.2,33.5,83.3
Temporomandibular Joint Disorde,Cyclobenzaprine,6,7.5,9.0,4,1,1,103,17.2,81.7,66.7
Bladder Infection,Methenamine,6,8.0,8.5,5,0,1,284,47.3,106.8,83.3
Opiate Adjunct,Promethazine,6,8.33,10.0,5,0,1,171,28.5,65.2,83.3
Prevention of Osteoporosis,Alendronate,6,2.67,1.5,1,0,5,379,63.2,54.8,16.7
Progesterone Insufficiency,Prometrium,6,8.5,8.5,6,0,0,234,39.0,66.3,100.0
Unknown,Sildenafil,6,9.5,10.0,6,0,0,235,39.2,67.2,100.0
Acne,Zenatane,6,8.17,9.5,5,0,1,47,7.8,174.0,83.3
Unknown,Tadalafil,6,9.17,9.5,6,0,0,122,20.3,88.3,100.0
Unknown,Testosterone,6,6.83,8.5,4,0,2,57,9.5,89.3,66.7
Unknown,Xanax,6,8.33,10.0,5,0,1,97,16.2,90.2,83.3
Unknown,Zoloft,6,9.0,9.5,6,0,0,85,14.2,65.3,100.0
Temporomandibular Joint Disorde,Diazepam,6,9.33,9.5,6,0,0,155,25.8,73.7,100.0
Hepatitis B,Viread,6,7.5,7.0,3,3,0,134,22.3,77.7,50.0
Scabies,Permethrin,6,6.33,6.5,3,2,1,205,34.2,103.5,50.0
Angina,Nitroglycerin,6,9.0,9.0,6,0,0,199,33.2,47.0,100.0
Ankylosing Spondylitis,Infliximab,6,7.0,8.0,5,0,1,130,21.7,66.2,83.3
Cervical Dystonia,Baclofen,6,5.33,7.0,4,0,2,139,23.2,25.0,66.7
Muscle Spasm,Soma Compound,6,9.33,9.5,6,0,0,94,15.7,39.5,100.0
Narcolepsy,Concerta,6,8.0,9.0,5,0,1,155,25.8,81.2,83.3
Muscle Pain,Salonpas Pain Patch,6,4.17,4.0,1,2,3,10,1.7,59.2,16.7
Atrial Flutte,Diltiazem,6,3.17,3.0,0,2,4,95,15.8,63.2,0.0
Cutaneous Candidiasis,Nystatin,6,8.83,10.0,5,1,0,68,11.3,64.2,83.3
"Glaucoma, Open Angle",Bimatoprost,6,6.17,7.0,3,1,2,168,28.0,48.2,50.0
Not Listed / Othe,Quetiapine,6,6.5,8.0,4,0,2,5,0.8,76.3,66.7
Obesity,Didrex,6,8.33,10.0,5,0,1,187,31.2,46.2,83.3
"Breast Cancer, Metastatic",Eribulin,6,9.5,10.0,6,0,0,357,59.5,70.7,100.0
Unknown,Seroquel,6,7.17,8.0,4,1,1,34,5.7,57.7,66.7
Insomnia,Somnote,6,9.5,10.0,6,0,0,75,12.5,40.2,100.0
Premenstrual Dysphoric Disorde,Escitalopram,6,9.17,9.0,6,0,0,274,45.7,114.0,100.0
Prevention of Bladder infection,Methenamine,6,9.83,10.0,6,0,0,225,37.5,50.7,100.0
"Diabetes, Type 2",Tanzeum,6,5.33,4.5,2,2,2,48,8.0,50.3,33.3
Birth Control,Junel 1 / 20,6,6.67,7.0,3,2,1,5,0.8,79.3,50.0
Cluster Headaches,Prednisone,6,9.17,9.0,6,0,0,92,15.3,52.2,100.0
Birth Control,Femcon Fe,6,8.17,8.0,5,1,0,29,4.8,70.8,83.3
"Diabetes, Type 2",Chromium Picolinate,6,9.33,10.0,6,0,0,700,116.7,52.5,100.0
High Blood Pressure,Twynsta,6,8.83,9.0,5,1,0,74,12.3,33.3,83.3
Allergic Rhinitis,Claritin-D,6,4.67,4.5,2,2,2,82,13.7,45.3,33.3
Skin or Soft Tissue Infection,Metronidazole,6,5.5,6.5,3,1,2,25,4.2,82.0,50.0
Skin or Soft Tissue Infection,Minocycline,6,4.5,4.0,1,2,3,35,5.8,64.0,16.7
Light Sedation,Promethazine,6,6.83,9.5,4,0,2,139,23.2,31.2,66.7
Crohn's Disease,Cholestyramine,6,9.0,10.0,5,1,0,231,38.5,62.7,83.3
Acne,Minocin,6,7.67,7.0,3,3,0,104,17.3,76.3,50.0
Gas,Simethicone,6,8.5,10.0,5,0,1,371,61.8,35.3,83.3
Upper Respiratory Tract Infection,Biaxin,6,5.67,7.0,3,1,2,198,33.0,46.2,50.0
Urinary Incontinence,Trospium,6,7.33,8.0,5,0,1,163,27.2,38.8,83.3
Dyspareunia,Osphena,6,7.67,9.0,5,0,1,172,28.7,77.8,83.3
Postural Orthostatic Tachycardia Syndrome,Midodrine,6,6.5,8.5,4,0,2,131,21.8,68.7,66.7
Stomach Ulce,Omeprazole,6,5.0,5.0,3,0,3,55,9.2,22.8,50.0
Stomach Ulce,Protonix,6,8.0,9.5,5,0,1,364,60.7,45.8,83.3
Hemorrhoids,Lidocaine,6,7.0,9.5,4,0,2,53,8.8,39.8,66.7
Otitis Media,Azithromycin,6,6.33,7.0,3,1,2,66,11.0,45.7,50.0
Otitis Media,Sulfamethoxazole / Trimethoprim,6,5.17,4.5,2,2,2,39,6.5,39.3,33.3
High Blood Pressure,Prazosin,6,4.33,4.0,1,2,3,91,15.2,43.7,16.7
Schizophrenia,Clozaril,6,8.83,9.0,6,0,0,574,95.7,70.0,100.0
Osteoarthritis,Bioflavonoids,6,8.17,9.5,5,0,1,149,24.8,67.5,83.3
Multiple Sclerosis,Avonex Pen,6,9.83,10.0,6,0,0,19,3.2,69.5,100.0
Multiple Sclerosis,Corticotropin,6,7.17,7.5,3,2,1,45,7.5,69.8,50.0
Herbal Supplementation,Lecithin,6,9.5,9.5,6,0,0,258,43.0,52.2,100.0
"Diabetes, Type 2",Jentadueto,6,6.67,7.5,4,0,2,25,4.2,39.5,66.7
Allergic Rhinitis,Veramyst,6,8.0,9.5,5,0,1,40,6.7,43.7,83.3
Sedation,Phenergan,6,6.83,8.5,4,0,2,361,60.2,54.5,66.7
Parkinson's Disease,Carbidopa / Entacapone / Levodopa,6,5.67,7.0,3,1,2,51,8.5,36.5,50.0
Parkinson's Disease,Pramipexole,6,4.83,5.0,3,0,3,148,24.7,90.5,50.0
"Crohn's Disease, Acute",Humira,6,6.83,8.5,4,0,2,154,25.7,74.5,66.7
"Crohn's Disease, Maintenance",Asacol,6,9.17,9.0,6,0,0,103,17.2,37.0,100.0
Interstitial Cystitis,Pyridium,6,7.0,9.5,4,0,2,170,28.3,30.8,66.7
Panic Disorde,Anafranil,6,9.17,10.0,5,1,0,433,72.2,96.3,83.3
Acne,Estarylla,6,5.5,7.0,4,0,2,30,5.0,92.0,66.7
Acne,Benzamycin,6,7.67,8.5,5,0,1,91,15.2,92.0,83.3
Urinary Tract Infection,Cefuroxime,6,6.67,8.5,4,0,2,165,27.5,79.5,66.7
Panic Disorde,Pristiq,6,7.83,8.0,5,1,0,57,9.5,91.3,83.3
Back Pain,Relafen,6,7.17,8.0,5,0,1,431,71.8,56.2,83.3
Birth Control,Marlissa,6,5.5,5.0,3,0,3,20,3.3,107.0,50.0
Birth Control,Mono-Linyah,6,6.33,7.5,3,1,2,50,8.3,101.5,50.0
Osteolytic Bone Metastases of Solid Tumors,Zoledronic Acid,6,7.0,9.5,4,0,2,61,10.2,37.2,66.7
"Diabetes, Type 2",Insulin Aspart,6,7.33,8.0,5,0,1,32,5.3,34.0,83.3
Herpes Zoste,Acyclovir,6,8.5,8.5,6,0,0,113,18.8,72.5,100.0
Skin and Structure Infection,Zyvox,6,8.5,9.5,5,1,0,120,20.0,64.2,83.3
Diabetic Peripheral Neuropathy,Nucynta Er,6,9.0,9.0,6,0,0,156,26.0,73.0,100.0
Chronic Myofascial Pain,Cyclobenzaprine,6,5.0,4.0,2,2,2,77,12.8,69.7,33.3
Chronic Pain,Endocet,6,9.0,9.0,6,0,0,262,43.7,59.3,100.0
Ventricular Tachycardia,Atenolol,6,8.17,9.0,5,1,0,151,25.2,56.0,83.3
Vertig,Bonine,6,8.5,9.5,5,0,1,527,87.8,41.2,83.3
Vitamin B12 Deficiency,Cyanocobalamin,6,9.33,10.0,5,1,0,131,21.8,56.0,83.3
Not Listed / Othe,Acetaminophen / Oxycodone,6,9.67,10.0,6,0,0,8,1.3,34.3,100.0
Periodic Limb Movement Disorde,Klonopin,6,9.0,9.0,6,0,0,123,20.5,58.2,100.0
Periodic Limb Movement Disorde,Ropinirole,6,2.5,1.0,1,0,5,97,16.2,24.7,16.7
"Constipation, Acute",Docusate / Senna,6,7.67,9.0,4,1,1,63,10.5,23.7,66.7
Irritable Bowel Syndrome,Escitalopram,6,7.83,9.5,5,0,1,135,22.5,98.2,83.3
Post Traumatic Stress Disorde,Amitriptyline,6,9.5,9.5,6,0,0,103,17.2,90.2,100.0
Abnormal Uterine Bleeding,Aviane,6,7.67,9.0,5,0,1,24,4.0,77.0,83.3
Urticaria,Loratadine,6,5.33,5.0,2,2,2,90,15.0,53.7,33.3
Vaginal Yeast Infection,Itraconazole,6,9.17,10.0,5,1,0,87,14.5,43.8,83.3
Abnormal Uterine Bleeding,Previfem,6,5.67,6.0,3,1,2,3,0.5,120.5,50.0
Mountain Sickness / Altitude Sickness,Acetazolamide,6,9.17,10.0,5,1,0,206,34.3,68.0,83.3
Sinusitis,Azithromycin Dose Pack,6,8.0,8.5,5,1,0,154,25.7,45.0,83.3
Allergic Rhinitis,Omnaris,6,6.83,7.5,3,2,1,64,10.7,56.8,50.0
High Blood Pressure,Inderal,6,4.83,4.5,3,0,3,249,41.5,57.7,50.0
"Sexual Dysfunction, SSRI Induced",Dextroamphetamine,6,9.5,10.0,6,0,0,234,39.0,53.3,100.0
Alopecia,Kenalog-10,6,9.83,10.0,6,0,0,283,47.2,82.5,100.0
Alzheimer's Disease,Galantamine,6,6.83,8.0,4,1,1,76,12.7,56.7,66.7
Sinus Symptoms,Acetaminophen / Pseudoephedrine,6,10.0,10.0,6,0,0,38,6.3,40.2,100.0
Sinus Symptoms,Dexbrompheniramine / Pseudoephedrine,6,10.0,10.0,6,0,0,33,5.5,37.3,100.0
Nocturnal Leg Cramps,Carisoprodol,6,9.83,10.0,6,0,0,485,80.8,55.3,100.0
ADHD,Wellbutrin Xl,6,9.0,9.0,6,0,0,416,69.3,84.2,100.0
Nocturnal Leg Cramps,Soma,6,10.0,10.0,6,0,0,540,90.0,53.0,100.0
ADHD,Pemoline,6,9.5,10.0,6,0,0,59,9.8,96.0,100.0
Abnormal Uterine Bleeding,Gildess Fe 1 / 20,6,3.5,3.0,1,2,3,4,0.7,126.2,16.7
Abnormal Uterine Bleeding,Ortho Tri-Cyclen,6,6.33,6.5,3,2,1,31,5.2,60.0,50.0
ADHD,Cylert,6,9.5,10.0,6,0,0,67,11.2,117.0,100.0
moterol),Formoterol,5,8.6,10.0,4,1,0,59,11.8,23.8,80.0
Non-Small Cell Lung Cance,Gefitinib,5,9.6,10.0,5,0,0,157,31.4,92.2,100.0
Non-Hodgkin's Lymphoma,Rituxan,5,9.2,9.0,5,0,0,397,79.4,62.4,100.0
New Daily Persistent Headache,Sumatriptan,5,6.2,9.0,3,0,2,25,5.0,79.8,60.0
Abnormal Uterine Bleeding,Lyza,5,2.6,2.0,0,2,3,51,10.2,68.0,0.0
Abnormal Uterine Bleeding,Apri,5,6.0,7.0,3,1,1,16,3.2,77.0,60.0
Vulvodynia,Gabapentin,5,7.2,8.0,3,1,1,176,35.2,54.4,60.0
Erosive Esophagitis,Nexium,5,9.0,9.0,5,0,0,99,19.8,54.8,100.0
Erosive Esophagitis,Rabeprazole,5,8.2,10.0,4,0,1,92,18.4,27.8,80.0
Extrapyramidal Reaction,Trihexyphenidyl,5,7.4,7.0,4,0,1,20,4.0,37.4,80.0
Endometriosis,Aviane,5,8.8,10.0,4,1,0,54,10.8,101.2,80.0
Endometriosis,Ethinyl Estradiol / Norgestrel,5,7.4,9.0,4,0,1,26,5.2,72.6,80.0
Vitamin/Mineral Supplementation during Pregnancy/Lactation,Citranatal 90 Dha,5,6.4,7.0,3,1,1,52,10.4,31.2,60.0
Vitamin/Mineral Supplementation during Pregnancy/Lactation,Duet Dha,5,8.0,9.0,4,1,0,36,7.2,41.4,80.0
Acne,Clarifoam Ef,5,9.2,10.0,4,1,0,105,21.0,77.2,80.0
Keratosis,Carac,5,9.4,10.0,5,0,0,604,120.8,100.4,100.0
Back Pain,Aspirin,5,7.6,9.0,4,0,1,81,16.2,14.0,80.0
Back Pain,Cataflam,5,8.8,9.0,5,0,0,209,41.8,54.8,100.0
Cough and Nasal Congestion,Dextromethorphan / Guaifenesin / Pseudoephedrine,5,9.6,10.0,5,0,0,13,2.6,39.0,100.0
Irritable Bowel Syndrome,Methscopolamine,5,7.2,8.0,4,0,1,35,7.0,41.4,80.0
Polycystic Ovary Syndrome,Loseasonique,5,5.8,7.0,3,0,2,27,5.4,84.0,60.0
Polycystic Ovary Syndrome,Seasonique,5,6.0,6.0,2,2,1,33,6.6,121.4,40.0
Osteoarthritis,Naprosyn,5,6.0,5.0,2,2,1,197,39.4,22.4,40.0
Osteoarthritis,Piroxicam,5,7.8,9.0,4,0,1,148,29.6,70.8,80.0
Birth Control,Mircette,5,4.0,4.0,1,2,2,21,4.2,95.2,20.0
Osteolytic Bone Metastases of Solid Tumors,Zometa,5,5.4,5.0,2,1,2,56,11.2,26.2,40.0
Chronic Pain,Naloxone / Pentazocine,5,8.2,10.0,4,0,1,50,10.0,62.6,80.0
High Blood Pressure,Hydrochlorothiazide / Irbesartan,5,9.4,10.0,5,0,0,43,8.6,66.2,100.0
"Diabetes, Type 1",Lantus,5,8.4,9.0,4,1,0,115,23.0,69.0,80.0
Sinusitis,Omnicef,5,6.4,8.0,3,1,1,180,36.0,38.2,60.0
"Diabetes, Type 2",Metformin / Sitagliptin,5,5.0,3.0,2,0,3,15,3.0,48.6,40.0
Herpes Zoste,Famciclovir,5,8.0,9.0,4,1,0,96,19.2,71.0,80.0
Herpes Zoste,Valtrex,5,8.0,10.0,4,0,1,244,48.8,33.4,80.0
Skin Cance,Carac,5,8.8,9.0,5,0,0,454,90.8,56.2,100.0
Skin Cance,Efudex,5,7.8,9.0,3,2,0,399,79.8,81.0,60.0
Skin and Structure Infection,Linezolid,5,8.2,9.0,4,1,0,91,18.2,69.4,80.0
Allergic Rhinitis,Budesonide,5,8.0,9.0,4,0,1,32,6.4,31.2,80.0
Opioid-Induced Constipation,Amitiza,5,3.6,1.0,2,0,3,14,2.8,64.8,40.0
Dermatological Disorders,Urea,5,9.6,10.0,5,0,0,159,31.8,81.8,100.0
"Organ Transplant, Rejection Prophylaxis",Mycophenolate Mofetil,5,9.0,9.0,5,0,0,63,12.6,27.6,100.0
Birth Control,Zovia 1 / 35,5,6.2,9.0,3,0,2,17,3.4,106.4,60.0
Osteoarthritis,Limbrel,5,8.0,10.0,4,0,1,138,27.6,79.8,80.0
Hereditary Angioedema,C1 Esterase Inhibitor (Human),5,8.6,10.0,4,0,1,22,4.4,47.6,80.0
Herpes Simplex,Zovirax,5,7.4,8.0,4,0,1,124,24.8,86.8,80.0
Secondary Hyperparathyroidism,Sensipar,5,8.4,9.0,4,1,0,64,12.8,65.8,80.0
Sedation,Vistaril,5,6.6,6.0,2,2,1,382,76.4,83.2,40.0
Anesthesia,Emla,5,8.6,10.0,4,1,0,64,12.8,80.4,80.0
Anesthesia,Lidocaine,5,3.0,1.0,1,0,4,39,7.8,57.4,20.0
Anesthesia,Lidocaine / Prilocaine,5,8.8,9.0,5,0,0,42,8.4,85.4,100.0
Angina,Metoprolol,5,7.0,9.0,3,1,1,64,12.8,66.8,60.0
Seizures,Eslicarbazepine,5,7.2,9.0,4,0,1,74,14.8,92.0,80.0
Seizures,Fycompa,5,6.4,8.0,3,0,2,111,22.2,70.2,60.0
Seizures,Topiramate,5,9.0,10.0,5,0,0,35,7.0,114.4,100.0
Osteoarthritis,Methylprednisolone,5,8.4,9.0,4,1,0,180,36.0,73.8,80.0
High Blood Pressure,Terazosin,5,7.0,9.0,3,1,1,182,36.4,46.2,60.0
Dermatitis,Betamethasone,5,9.6,10.0,5,0,0,67,13.4,70.2,100.0
Smoking Cessation,Nicorette,5,8.4,10.0,4,0,1,122,24.4,84.4,80.0
Supraventricular Tachycardia,Atenolol,5,7.8,9.0,4,0,1,64,12.8,51.8,80.0
Supraventricular Tachycardia,Bisoprolol,5,4.6,3.0,2,0,3,128,25.6,62.8,40.0
Hepatic Encephalopathy,Rifaximin,5,6.4,10.0,3,0,2,68,13.6,76.0,60.0
Hepatitis B,Tenofovir,5,8.0,9.0,3,2,0,184,36.8,81.0,60.0
Sciatica,Arthrotec,5,9.2,9.0,5,0,0,348,69.6,89.0,100.0
Sciatica,Ibuprofen,5,6.8,8.0,4,0,1,96,19.2,50.2,80.0
Sciatica,Voltaren,5,8.2,9.0,3,2,0,301,60.2,34.8,60.0
High Blood Pressure,Metoprolol Tartrate,5,6.2,8.0,3,1,1,207,41.4,60.8,60.0
Chronic Pain,Ultram Odt,5,5.8,5.0,2,2,1,164,32.8,61.0,40.0
Mitral Valve Prolapse,Nebivolol,5,8.4,9.0,4,1,0,169,33.8,68.2,80.0
Otitis Externa,Hydrocortisone / Neomycin / Polymyxin B,5,5.4,5.0,2,1,2,6,1.2,42.6,40.0
Otitis Media,Amoxicillin,5,5.2,6.0,2,1,2,45,9.0,95.2,40.0
Ovarian Cysts,Loseasonique,5,6.4,6.0,2,2,1,38,7.6,90.0,40.0
Ankylosing Spondylitis,Secukinumab,5,1.6,2.0,0,0,5,66,13.2,53.6,0.0
"High Cholesterol, Familial Heterozygous",Praluent,5,8.0,10.0,4,0,1,43,8.6,91.8,80.0
Muscle Pain,Voltaren,5,7.8,10.0,4,0,1,224,44.8,51.4,80.0
Opiate Withdrawal,Robaxin,5,7.8,8.0,4,1,0,833,166.6,41.6,80.0
Hepatitis C,Daklinza,5,9.6,10.0,5,0,0,19,3.8,56.6,100.0
Hepatitis C,Ribavirin,5,6.6,8.0,3,1,1,63,12.6,72.4,60.0
"Diabetes, Type 2",Rosiglitazone,5,4.6,3.0,2,0,3,70,14.0,42.4,40.0
Supraventricular Tachycardia,Cartia Xt,5,6.8,9.0,3,0,2,177,35.4,56.6,60.0
Allergic Rhinitis,Ciclesonide,5,7.4,9.0,3,1,1,53,10.6,85.8,60.0
Cluster Headaches,Indomethacin,5,9.0,9.0,5,0,0,32,6.4,34.2,100.0
Cluster Headaches,Lithium,5,8.0,10.0,4,0,1,87,17.4,46.0,80.0
Cold Sores,Famvir,5,9.0,10.0,4,1,0,160,32.0,61.6,80.0
Migraine Prevention,Inderal La,5,6.0,9.0,3,0,2,160,32.0,46.4,60.0
Birth Control,Lo / Ovral-28,5,5.8,8.0,3,0,2,22,4.4,38.0,60.0
Ovarian Cysts,Ortho Tri-Cyclen,5,5.6,5.0,2,1,2,5,1.0,112.2,40.0
High Blood Pressure,Tenormin,5,8.4,8.0,5,0,0,361,72.2,52.4,100.0
Bipolar Disorde,Wellbutrin,5,6.0,9.0,3,0,2,209,41.8,74.4,60.0
Bipolar Disorde,Zyprexa Zydis,5,8.0,9.0,4,1,0,87,17.4,30.8,80.0
Cold Symptoms,Echinacea,5,9.4,9.0,5,0,0,48,9.6,49.6,100.0
Bleeding Disorde,Tranexamic Acid,5,6.6,8.0,3,1,1,57,11.4,94.8,60.0
Oophorectomy,Premarin,5,9.4,10.0,5,0,0,332,66.4,68.0,100.0
Opiate Adjunct,Phenergan,5,7.8,9.0,4,0,1,109,21.8,66.6,80.0
"COPD, Maintenance",Fluticasone / Vilanterol,5,5.2,5.0,2,1,2,54,10.8,37.4,40.0
"COPD, Maintenance",Ipratropium,5,7.8,8.0,4,1,0,81,16.2,28.2,80.0
"Diarrhea, Acute",Loperamide,5,10.0,10.0,5,0,0,60,12.0,71.0,100.0
Dermatitis,Desonide,5,7.4,9.0,4,0,1,122,24.4,67.0,80.0
Dermatitis,Hydrocortisone,5,7.8,10.0,4,0,1,40,8.0,40.6,80.0
Dermatitis,Prednisolone,5,7.8,9.0,4,0,1,79,15.8,34.0,80.0
High Cholesterol,Niacin / Simvastatin,5,6.6,8.0,3,1,1,38,7.6,46.0,60.0
Schizoaffective Disorde,Lamictal,5,8.8,10.0,4,1,0,144,28.8,77.4,80.0
Angina Pectoris Prophylaxis,Imdur,5,3.2,1.0,1,0,4,213,42.6,63.4,20.0
Ankylosing Spondylitis,Cosentyx,5,1.6,2.0,0,0,5,66,13.2,53.6,0.0
Anxiety,Niravam,5,9.8,10.0,5,0,0,184,36.8,32.8,100.0
Anxiety,Klonopin Wafer,5,9.6,10.0,5,0,0,90,18.0,42.0,100.0
Anxiety,Meprobamate,5,7.8,8.0,4,0,1,106,21.2,107.8,80.0
Rheumatoid Arthritis,Simponi Aria,5,5.6,5.0,2,1,2,48,9.6,79.0,40.0
Asthma,Ipratropium,5,9.4,10.0,5,0,0,96,19.2,46.2,100.0
Tinea Corporis,Terbinafine,5,4.2,3.0,1,1,3,40,8.0,55.0,20.0
Tinea Pedis,Lamisil,5,7.2,10.0,3,1,1,49,9.8,47.2,60.0
Tonsillitis/Pharyngitis,Zithromax,5,9.0,9.0,5,0,0,177,35.4,31.8,100.0
Migraine,Migergot,5,10.0,10.0,5,0,0,46,9.2,64.2,100.0
Migraine,Orphenadrine,5,6.6,9.0,3,0,2,97,19.4,68.0,60.0
Clostridial Infection,Fidaxomicin,5,8.6,10.0,4,1,0,78,15.6,49.6,80.0
Bipolar Disorde,Perphenazine,5,7.4,8.0,3,2,0,82,16.4,39.8,60.0
"High Cholesterol, Familial Heterozygous",Ezetimibe,5,9.6,10.0,5,0,0,325,65.0,83.8,100.0
Depression,Risperdal,5,6.2,7.0,3,0,2,329,65.8,53.6,60.0
Birth Control,Cyclessa,5,4.6,5.0,1,2,2,16,3.2,87.2,20.0
Birth Control,Cyred,5,6.6,8.0,3,1,1,9,1.8,53.2,60.0
Asperger Syndrome,Risperidone,5,5.2,5.0,2,2,1,75,15.0,75.0,40.0
Allergic Rhinitis,Allegra Allergy,5,1.8,1.0,0,1,4,20,4.0,37.8,0.0
Obsessive Compulsive Disorde,Seroquel,5,8.8,10.0,4,1,0,220,44.0,72.2,80.0
Diabetic Peripheral Neuropathy,Tapentadol,5,7.2,8.0,4,0,1,72,14.4,71.2,80.0
Restless Legs Syndrome,Ultram,5,7.0,7.0,4,0,1,132,26.4,58.4,80.0
Rheumatoid Arthritis,Aleve,5,7.6,9.0,3,2,0,282,56.4,64.4,60.0
Pain,Aspirin,5,7.8,9.0,4,0,1,50,10.0,38.2,80.0
Bipolar Disorde,Levetiracetam,5,7.4,8.0,4,0,1,52,10.4,72.6,80.0
Pain,Darvon,5,8.2,9.0,4,1,0,16,3.2,83.8,80.0
Pain,Dolophine,5,9.0,9.0,5,0,0,381,76.2,88.4,100.0
Cold Sores,Sitavig,5,8.8,9.0,5,0,0,39,7.8,92.6,100.0
Rheumatoid Arthritis,Diclofenac / Misoprostol,5,6.8,9.0,3,1,1,166,33.2,58.4,60.0
Depression,Remeron Soltab,5,8.0,10.0,4,0,1,90,18.0,51.8,80.0
Depression,S-Adenosylmethionine,5,8.4,8.0,5,0,0,41,8.2,128.0,100.0
Depression,Serzone,5,9.8,10.0,5,0,0,293,58.6,68.4,100.0
Anxiety,Viibryd,5,8.6,9.0,5,0,0,664,132.8,83.4,100.0
Indigestion,Calcium Carbonate,5,8.6,9.0,4,1,0,20,4.0,14.4,80.0
Psychosis,Fanapt,5,7.4,8.0,3,2,0,93,18.6,98.4,60.0
Diaper Rash,Zinc Oxide,5,10.0,10.0,5,0,0,26,5.2,41.4,100.0
Breast Cance,Docetaxel,5,3.4,2.0,1,0,4,67,13.4,73.6,20.0
Breast Cance,Everolimus,5,6.4,9.0,3,0,2,89,17.8,76.2,60.0
"Breast Cancer, Adjuvant",Femara,5,8.6,10.0,4,1,0,497,99.4,90.2,80.0
"Breast Cancer, Metastatic",Anastrozole,5,6.8,7.0,3,1,1,146,29.2,71.4,60.0
Borderline Personality Disorde,Topiramate,5,6.2,8.0,3,1,1,20,4.0,55.2,60.0
Nasal Carriage of Staphylococcus aureus,Mupirocin,5,6.6,6.0,2,3,0,89,17.8,63.8,40.0
Ulcerative Colitis,Uceris,5,6.2,8.0,3,0,2,34,6.8,87.4,60.0
Depression,Budeprion Sr,5,8.4,9.0,4,1,0,55,11.0,87.0,80.0
"Asthma, Maintenance",Ciclesonide,5,7.4,9.0,4,0,1,75,15.0,46.4,80.0
"Asthma, Maintenance",Flovent,5,8.4,9.0,4,1,0,87,17.4,39.0,80.0
Depression,Lisdexamfetamine,5,6.8,9.0,3,0,2,13,2.6,81.2,60.0
Hypertriglyceridemia,Trilipix,5,3.6,1.0,2,0,3,123,24.6,74.6,40.0
Arrhythmia,Verapamil,5,4.6,5.0,1,3,1,54,10.8,77.6,20.0
Asthma,Nucala,5,6.4,10.0,3,0,2,88,17.6,105.8,60.0
"Ulcerative Colitis, Active",Rowasa,5,6.8,7.0,3,1,1,42,8.4,107.4,60.0
Ulcerative Proctitis,Mesalamine,5,9.0,10.0,4,1,0,37,7.4,97.8,80.0
HIV Infection,Efavirenz,5,5.2,6.0,2,2,1,7,1.4,84.4,40.0
HIV Infection,Tivicay,5,7.6,9.0,3,1,1,25,5.0,88.4,60.0
Headache,Aleve,5,8.0,10.0,4,0,1,150,30.0,58.4,80.0
Unknown,Alesse,5,7.4,9.0,4,0,1,13,2.6,75.2,80.0
Unknown,Buprenorphine / Naloxone,5,9.6,10.0,5,0,0,15,3.0,110.4,100.0
"Hypothyroidism, After Thyroid Removal",Levoxyl,5,7.4,8.0,3,2,0,168,33.6,41.0,60.0
"Hypothyroidism, After Thyroid Removal",Liothyronine,5,9.6,10.0,5,0,0,452,90.4,85.6,100.0
Cold Symptoms,Acetaminophen / Dextromethorphan / Doxylamine / Pseudoephedrine,5,8.2,9.0,4,1,0,15,3.0,18.2,80.0
Cold Symptoms,Coricidin Hbp Cold & Flu,5,7.6,9.0,4,0,1,79,15.8,43.6,80.0
Cold Symptoms,Dexbrompheniramine / Pseudoephedrine,5,10.0,10.0,5,0,0,28,5.6,48.6,100.0
Bipolar Disorde,Clonidine,5,7.0,9.0,3,1,1,71,14.2,62.0,60.0
Pain,Lodine,5,9.2,9.0,5,0,0,293,58.6,27.2,100.0
Impetig,Retapamulin,5,7.8,9.0,4,0,1,38,7.6,59.4,80.0
Psoriatic Arthritis,Certolizumab,5,4.8,4.0,2,1,2,36,7.2,65.2,40.0
Unknown,Bupropion / Naltrexone,5,7.0,9.0,3,1,1,92,18.4,137.6,60.0
Adrenocortical Insufficiency,Hydrocortisone,5,7.2,9.0,3,1,1,93,18.6,33.4,60.0
Adult Human Growth Hormone Deficiency,Somatropin,5,8.8,10.0,4,1,0,67,13.4,78.6,80.0
Alcohol Dependence,Revia,5,9.2,9.0,5,0,0,771,154.2,62.6,100.0
Unknown,Dulcolax,5,5.8,7.0,3,0,2,80,16.0,104.0,60.0
Unknown,Escitalopram,5,7.0,7.0,4,0,1,14,2.8,94.0,80.0
Unknown,Ethinyl Estradiol / Norgestrel,5,9.6,10.0,5,0,0,69,13.8,64.6,100.0
Unknown,Gabapentin,5,7.8,9.0,3,2,0,292,58.4,41.0,60.0
"Ulcerative Colitis, Active",Asacol,5,8.0,8.0,5,0,0,114,22.8,37.6,100.0
Psychosis,Fluphenazine,5,5.6,7.0,3,0,2,65,13.0,53.4,60.0
Psychosis,Iloperidone,5,6.2,6.0,2,2,1,97,19.4,89.8,40.0
Pulmonary Hypertension,Ambrisentan,5,8.0,10.0,4,0,1,97,19.4,52.2,80.0
Pulmonary Hypertension,Selexipag,5,4.2,5.0,1,2,2,37,7.4,97.6,20.0
Pulmonary Hypertension,Treprostinil,5,7.2,7.0,4,1,0,32,6.4,47.2,80.0
Raynaud's Syndrome,Procardia,5,7.2,9.0,3,1,1,134,26.8,48.0,60.0
"Deep Vein Thrombosis, First Event",Warfarin,5,8.4,10.0,4,1,0,138,27.6,52.2,80.0
Dental Abscess,Clarithromycin,5,6.0,7.0,3,1,1,130,26.0,57.8,60.0
"Conjunctivitis, Bacterial",Dexamethasone / Tobramycin,5,7.2,8.0,4,0,1,103,20.6,52.0,80.0
Menopausal Disorders,Esterified Estrogens / Methyltestosterone,5,10.0,10.0,5,0,0,155,31.0,65.6,100.0
Pain,Panlor Ss,5,9.4,10.0,5,0,0,40,8.0,47.4,100.0
Pain,Piroxicam,5,7.4,9.0,4,0,1,74,14.8,89.8,80.0
"Crohn's Disease, Maintenance",Certolizumab,5,9.0,10.0,4,1,0,88,17.6,31.8,80.0
Bursitis,Prednisone,5,8.6,9.0,5,0,0,163,32.6,63.8,100.0
COPD,Prednisone,5,9.0,9.0,5,0,0,230,46.0,83.2,100.0
Obesity,Tenuate Dospan,5,9.2,9.0,5,0,0,306,61.2,41.4,100.0
Dry Eye Disease,Systane,5,1.0,1.0,0,0,5,54,10.8,44.6,0.0
Dry Skin,Ammonium Lactate,5,9.8,10.0,5,0,0,162,32.4,57.2,100.0
Unknown,Bupropion,5,8.0,9.0,4,0,1,161,32.2,73.0,80.0
"Asthma, Maintenance",Pulmicort Flexhaler,5,6.8,9.0,3,1,1,54,10.8,45.4,60.0
"Asthma, acute",Levalbuterol,5,9.4,10.0,5,0,0,56,11.2,66.0,100.0
Migraine,Cafergot,5,8.6,9.0,4,1,0,60,12.0,69.4,80.0
"Asthma, acute",Proair Hfa,5,3.4,3.0,1,0,4,59,11.8,74.0,20.0
Cold Symptoms,Vicks Nyquil D Cold And Flu Nighttime Relief,5,8.2,9.0,4,1,0,15,3.0,18.2,80.0
Condylomata Acuminata,Condylox,5,7.0,9.0,3,1,1,76,15.2,44.2,60.0
Barrett's Esophagus,Kapidex,5,8.0,10.0,4,0,1,64,12.8,60.2,80.0
Barrett's Esophagus,Omeprazole,5,9.8,10.0,5,0,0,121,24.2,58.4,100.0
Pain,Sulindac,5,8.0,9.0,4,0,1,55,11.0,55.4,80.0
Duodenal Ulce,Carafate,5,9.2,10.0,5,0,0,292,58.4,51.8,100.0
Unknown,Klonopin,5,9.6,10.0,5,0,0,22,4.4,74.8,100.0
Unknown,Lexapro,5,8.4,9.0,5,0,0,44,8.8,97.8,100.0
Unknown,Meloxicam,5,7.0,8.0,4,0,1,257,51.4,50.2,80.0
Unknown,Mobic,5,7.0,8.0,4,0,1,301,60.2,60.0,80.0
Unknown,Orlistat,5,8.6,9.0,5,0,0,501,100.2,71.2,100.0
Unknown,Phentermine,5,10.0,10.0,5,0,0,38,7.6,70.0,100.0
Unknown,Polyethylene Glycol 3350 With Electrolytes,5,5.2,7.0,3,0,2,48,9.6,83.4,60.0
Unknown,Remeron,5,9.0,9.0,5,0,0,183,36.6,112.2,100.0
Deep Vein Thrombosis,Eliquis,5,5.8,6.0,2,2,1,142,28.4,51.0,40.0
Atrophic Urethritis,Estrace Vaginal Cream,5,4.6,4.0,1,2,2,141,28.2,45.2,20.0
Premature Ventricular Depolarizations,Metoprolol,5,7.0,8.0,3,2,0,104,20.8,79.8,60.0
Prevention of Bladder infection,Macrodantin,5,7.6,8.0,4,0,1,244,48.8,55.4,80.0
Primary Ovarian Failure,Estradiol,5,8.2,8.0,4,1,0,94,18.8,104.8,80.0
Prostate Cance,Bicalutamide,5,7.6,9.0,4,0,1,410,82.0,63.6,80.0
Prostate Cance,Goserelin,5,7.8,10.0,4,0,1,240,48.0,67.6,80.0
Prostate Cance,Lupron Depot,5,6.2,8.0,3,0,2,174,34.8,84.8,60.0
Postpartum Depression,Paxil,5,6.2,8.0,3,1,1,83,16.6,68.8,60.0
Unknown,Silenor,5,8.6,10.0,4,0,1,117,23.4,57.4,80.0
Dry Skin,Urea,5,9.6,10.0,5,0,0,103,20.6,42.8,100.0
Pain,Tylenol,5,6.6,8.0,3,1,1,114,22.8,20.8,60.0
Depression,Anafranil,5,8.4,9.0,4,1,0,250,50.0,91.2,80.0
Insomnia,Neurontin,5,8.2,8.0,5,0,0,505,101.0,26.6,100.0
Insomnia,Simply Sleep,5,4.8,5.0,2,1,2,71,14.2,46.2,40.0
"Crohn's Disease, Maintenance",Mercaptopurine,5,3.6,1.0,1,1,3,33,6.6,63.8,20.0
Prostatitis,Bactrim,5,2.8,1.0,1,0,4,82,16.4,27.4,20.0
Atrial Fibrillation,Tambocor,5,7.4,9.0,4,0,1,457,91.4,48.4,80.0
Atrial Flutte,Flecainide,5,8.8,10.0,4,1,0,122,24.4,41.4,80.0
Cyclic Vomiting Syndrome,Nortriptyline,5,8.6,8.0,5,0,0,45,9.0,36.4,100.0
Cystic Fibrosis,Pancrelipase,5,10.0,10.0,5,0,0,65,13.0,40.2,100.0
Dandruff,Ketoconazole,5,7.4,10.0,3,1,1,38,7.6,73.2,60.0
Deep Vein Thrombosis,Apixaban,5,5.8,6.0,2,2,1,142,28.4,51.0,40.0
Deep Vein Thrombosis,Dabigatran,5,7.0,7.0,3,2,0,69,13.8,84.8,60.0
Insomnia,Nytol,5,6.6,8.0,3,0,2,42,8.4,36.8,60.0
Insomnia,Quazepam,5,9.6,10.0,5,0,0,69,13.8,93.6,100.0
Insomnia,Seroquel Xr,5,8.0,9.0,3,2,0,253,50.6,63.6,60.0
COPD,Tudorza Pressair,5,9.0,9.0,5,0,0,160,32.0,41.0,100.0
Not Listed / Othe,Trazodone,5,7.8,8.0,4,1,0,30,6.0,35.2,80.0
Obesity,Bupropion,5,8.2,8.0,5,0,0,282,56.4,26.6,100.0
"Breast Cancer, Metastatic",Faslodex,5,6.4,8.0,3,1,1,222,44.4,76.2,60.0
"Glaucoma, Open Angle",Dorzolamide,5,7.4,7.0,3,2,0,23,4.6,40.6,60.0
"Glaucoma, Open Angle",Dorzolamide / Timolol,5,4.4,5.0,2,1,2,18,3.6,28.4,40.0
Urinary Tract Infection,Trimethoprim,5,2.6,1.0,1,0,4,14,2.8,93.8,20.0
Acne,Doxy 100,5,9.0,9.0,5,0,0,141,28.2,77.8,100.0
Not Listed / Othe,Acetaminophen / Hydrocodone,5,9.2,10.0,5,0,0,5,1.0,54.6,100.0
"Glaucoma, Open Angle",Lumigan,5,5.6,5.0,2,1,2,159,31.8,40.6,40.0
Glioblastoma Multi,Bevacizumab,5,8.8,10.0,4,1,0,303,60.6,58.6,80.0
"Gout, Acute",Aleve,5,9.2,9.0,5,0,0,398,79.6,44.6,100.0
Upper Respiratory Tract Infection,Erythromycin,5,7.6,9.0,4,0,1,102,20.4,57.0,80.0
Urinary Incontinence,Darifenacin,5,4.4,5.0,0,3,2,95,19.0,37.8,0.0
Urinary Incontinence,Detrol La,5,7.4,9.0,3,1,1,99,19.8,37.8,60.0
Urinary Incontinence,Ditropan,5,5.8,8.0,3,0,2,176,35.2,47.4,60.0
Generalized Anxiety Disorde,Seroquel Xr,5,7.0,9.0,3,1,1,318,63.6,70.0,60.0
Dysautonomia,Midodrine,5,9.2,9.0,5,0,0,127,25.4,74.6,100.0
Dysautonomia,Pyridostigmine,5,7.0,8.0,4,0,1,32,6.4,90.6,80.0
Urinary Tract Infection,Augmentin,5,4.6,2.0,2,0,3,240,48.0,81.4,40.0
Postural Orthostatic Tachycardia Syndrome,Fludrocortisone,5,6.4,6.0,2,1,2,58,11.6,46.2,40.0
Postural Orthostatic Tachycardia Syndrome,Proamatine,5,6.0,8.0,3,0,2,130,26.0,59.6,60.0
Bacterial Infection,Cleocin,5,5.2,5.0,2,1,2,215,43.0,76.6,40.0
Bacterial Infection,Vancomycin,5,7.4,8.0,4,0,1,128,25.6,74.2,80.0
Light Sedation,Phenergan,5,8.0,10.0,4,0,1,133,26.6,31.8,80.0
Lyme Disease,Ceftin,5,8.0,8.0,4,1,0,88,17.6,48.6,80.0
"Lyme Disease, Neurologic",Doxycycline,5,8.2,9.0,4,1,0,52,10.4,61.0,80.0
Insomnia,Zolpimist,5,7.6,9.0,3,2,0,27,5.4,48.0,60.0
Intermittent Claudication,Cilostazol,5,7.8,10.0,4,0,1,198,39.6,59.8,80.0
Crohn's Disease,Budesonide,5,7.8,10.0,4,0,1,89,17.8,44.6,80.0
Crohn's Disease,Pentasa,5,8.6,10.0,4,1,0,53,10.6,43.4,80.0
Acne,Microgestin Fe 1.5 / 30,5,2.8,3.0,0,1,4,7,1.4,67.8,0.0
Edema,Spironolactone,5,8.4,9.0,5,0,0,240,48.0,27.4,100.0
Edema,Triamterene,5,6.2,7.0,4,0,1,150,30.0,60.2,80.0
Emergency Contraception,Econtra Ez,5,4.2,2.0,1,1,3,20,4.0,90.6,20.0
GERD,Prilosec Otc,5,9.2,10.0,5,0,0,164,32.8,74.6,100.0
Acne,Panoxyl,5,9.6,10.0,5,0,0,92,18.4,77.6,100.0
Urinary Tract Infection,Methenamine,5,9.8,10.0,5,0,0,177,35.4,95.8,100.0
Cough,Promethazine Dm,5,7.2,9.0,3,1,1,51,10.2,15.4,60.0
Postmenopausal Symptoms,Estradiol Patch,5,2.8,1.0,1,0,4,123,24.6,109.2,20.0
Postmenopausal Symptoms,Ethinyl Estradiol / Norethindrone,5,6.4,8.0,3,0,2,74,14.8,78.8,60.0
Postpartum Depression,Paroxetine,5,6.6,8.0,3,1,1,41,8.2,72.2,60.0
Not Listed / Othe,Clindamycin,5,5.4,6.0,2,1,2,26,5.2,84.8,40.0
Not Listed / Othe,Clonazepam,5,8.4,9.0,4,1,0,5,1.0,35.8,80.0
Not Listed / Othe,Escitalopram,5,7.2,8.0,4,0,1,2,0.4,113.0,80.0
Not Listed / Othe,Ethinyl Estradiol / Norethindrone,5,4.8,3.0,2,0,3,0,0.0,99.2,40.0
Not Listed / Othe,Levofloxacin,5,5.6,5.0,2,1,2,10,2.0,67.6,40.0
Not Listed / Othe,Levonorgestrel,5,7.0,7.0,3,1,1,1,0.2,94.0,60.0
Not Listed / Othe,Lisinopril,5,6.6,8.0,3,1,1,134,26.8,58.2,60.0
Not Listed / Othe,Meloxicam,5,9.6,10.0,5,0,0,61,12.2,75.6,100.0
Not Listed / Othe,Methadone,5,9.8,10.0,5,0,0,53,10.6,66.8,100.0
Not Listed / Othe,Metoprolol,5,7.2,8.0,4,0,1,59,11.8,47.6,80.0
Endometriosis,Ortho Tri-Cyclen Lo,5,3.4,1.0,1,1,3,86,17.2,93.6,20.0
GERD,Famotidine,5,5.0,3.0,2,0,3,92,18.4,61.4,40.0
Polycythemia Vera,Jakafi,5,7.6,9.0,4,0,1,30,6.0,66.0,80.0
Parkinson's Disease,Sinemet,5,7.8,10.0,4,0,1,306,61.2,102.6,80.0
Pe,Propranolol,5,8.4,10.0,4,0,1,376,75.2,46.2,80.0
Ventricular Fibrillation,Amiodarone,5,4.2,1.0,2,0,3,166,33.2,49.6,40.0
Ventricular Tachycardia,Propafenone,5,8.0,8.0,4,1,0,9,1.8,89.4,80.0
Vitamin D Deficiency,Cholecalciferol,5,6.2,9.0,3,0,2,82,16.4,107.4,60.0
Period Pain,Aleve,5,7.8,10.0,4,0,1,101,20.2,60.0,80.0
Periodic Limb Movement Disorde,Baclofen,5,7.0,8.0,4,0,1,104,20.8,36.4,80.0
Peripheral Neuropathy,Capsaicin,5,7.4,9.0,4,0,1,135,27.0,115.8,80.0
Paranoid Disorde,Risperidone,5,2.2,2.0,0,1,4,41,8.2,55.0,0.0
Paranoid Disorde,Zyprexa,5,4.8,6.0,2,1,2,108,21.6,48.6,40.0
Parkinson's Disease,Rotigotine,5,6.8,8.0,4,0,1,113,22.6,68.4,80.0
Post Traumatic Stress Disorde,Dronabinol,5,8.4,10.0,4,1,0,79,15.8,50.8,80.0
Post Traumatic Stress Disorde,Risperdal,5,9.0,10.0,4,1,0,125,25.0,78.4,80.0
"Crohn's Disease, Acute",Adalimumab,5,6.6,9.0,3,0,2,146,29.2,61.0,60.0
Irritable Bowel Syndrome,Desipramine,5,9.0,9.0,5,0,0,70,14.0,73.4,100.0
Erosive Esophagitis,Esomeprazole,5,9.0,9.0,5,0,0,99,19.8,54.8,100.0
Abnormal Uterine Bleeding,Microgestin Fe 1 / 20,5,4.6,6.0,1,2,2,21,4.2,100.6,20.0
acial Wrinkles,Botox Cosmetic,5,6.2,9.0,3,0,2,17,3.4,55.6,60.0
amilial Mediterranean Feve,Colchicine,5,9.8,10.0,5,0,0,18,3.6,21.4,100.0
eve,Acetaminophen,5,9.6,10.0,5,0,0,58,11.6,23.8,100.0
mis,Dapsone,5,9.2,10.0,4,1,0,99,19.8,81.6,80.0
min / pioglitazone),Metformin / Pioglitazone,5,7.2,9.0,4,0,1,82,16.4,33.6,80.0
Endometriosis,Tri-Sprintec,5,6.8,7.0,3,1,1,48,9.6,74.8,60.0
Erosive Esophagitis,Lansoprazole,5,10.0,10.0,5,0,0,97,19.4,44.0,100.0
Lactation Augmentation,Metoclopramide,5,6.8,8.0,3,1,1,21,4.2,64.8,60.0
Left Ventricular Dysfunction,Carvedilol,5,9.4,10.0,5,0,0,164,32.8,57.4,100.0
Lennox-Gastaut Syndrome,Clobazam,5,7.8,10.0,4,0,1,69,13.8,31.4,80.0
Lennox-Gastaut Syndrome,Onfi,5,6.0,8.0,3,0,2,72,14.4,28.6,60.0
Lennox-Gastaut Syndrome,Rufinamide,5,10.0,10.0,5,0,0,46,9.2,38.0,100.0
Cough,Dextromethorphan / Promethazine,5,6.2,9.0,3,0,2,53,10.6,15.6,60.0
Ischemic Stroke,Plavix,5,7.6,9.0,4,0,1,348,69.6,20.0,80.0
Chronic Fatigue Syndrome,Lisdexamfetamine,5,9.8,10.0,5,0,0,239,47.8,113.2,100.0
Chronic Fatigue Syndrome,Provigil,5,7.0,8.0,4,0,1,275,55.0,110.6,80.0
Motion Sickness,Cyclizine,5,10.0,10.0,5,0,0,142,28.4,59.2,100.0
Multiple Myeloma,Revlimid,5,5.8,6.0,2,1,2,116,23.2,72.2,40.0
Birth Control,Nikki,5,4.2,2.0,2,0,3,15,3.0,65.4,40.0
Allergic Rhinitis,Nasacort Allergy 24Hr,5,7.0,8.0,3,1,1,18,3.6,59.0,60.0
High Blood Pressure,Lasix,5,6.8,8.0,3,1,1,141,28.2,46.4,60.0
High Blood Pressure,Bisoprolol,5,9.4,10.0,5,0,0,248,49.6,37.2,100.0
High Blood Pressure,Catapres-Tts,5,7.4,9.0,4,0,1,314,62.8,57.8,80.0
High Blood Pressure,Chlorthalidone,5,4.4,4.0,1,2,2,71,14.2,45.8,20.0
"Diabetes, Type 2",Colesevelam,5,3.6,3.0,1,1,3,71,14.2,34.6,20.0
ibromyalgia,Nabilone,5,8.4,8.0,5,0,0,289,57.8,43.8,100.0
Bronchitis,Omnicef,5,5.0,3.0,2,0,3,68,13.6,47.8,40.0
Bronchitis,Sulfamethoxazole / Trimethoprim,5,6.6,8.0,3,1,1,95,19.0,32.0,60.0
"Nausea/Vomiting, Chemotherapy Induced",Dexamethasone,5,8.2,8.0,4,1,0,58,11.6,76.0,80.0
Epilepsy,Lamictal,5,5.2,5.0,2,1,2,14,2.8,70.0,40.0
